framework,question_idx,em,total_tokens
reflexion,1888,0,148589
reflexion,3545,0,4177
reflexion,2587,0,81588
reflexion,3726,1,10396
reflexion,3469,0,67475
reflexion,7385,0,0
reflexion,1873,1,6245
reflexion,672,0,197386
reflexion,6679,0,95863
reflexion,3619,0,78810
reflexion,449,0,37671
reflexion,5874,0,6168
reflexion,5858,0,4142
reflexion,5159,1,6629
reflexion,1079,0,108896
reflexion,5999,0,13255
reflexion,4055,1,6402
reflexion,4806,0,51524
reflexion,4188,1,6667
reflexion,6895,0,36565
reflexion,6611,1,6611
reflexion,404,1,6345
reflexion,251,1,4019
reflexion,2709,0,178828
reflexion,4136,0,36344
reflexion,6282,0,6466
reflexion,6253,0,182427
reflexion,2053,1,13664
reflexion,1891,0,4124
reflexion,702,0,138415
reflexion,6220,1,8589
reflexion,6060,1,3981
reflexion,5157,0,4109
reflexion,6633,1,18922
reflexion,7272,0,167123
reflexion,3969,1,6456
reflexion,2187,0,6607
reflexion,2191,0,64001
reflexion,3625,0,167669
reflexion,647,1,4337
reflexion,454,1,21479
reflexion,3600,1,28929
reflexion,4896,1,5928
reflexion,6729,0,100538
reflexion,5718,1,46368
reflexion,2397,1,6266
reflexion,2557,0,10410
reflexion,885,0,180384
reflexion,2046,1,6181
reflexion,4651,0,78704
reflexion,2661,0,158441
reflexion,4028,1,6189
reflexion,2580,1,6143
reflexion,3888,1,6051
reflexion,4153,1,8454
reflexion,6718,1,20086
reflexion,7397,1,4024
reflexion,6700,1,4044
reflexion,3736,1,10721
reflexion,5988,1,16580
reflexion,4449,0,91741
reflexion,6997,1,26717
reflexion,2481,1,6008
reflexion,5884,0,129793
reflexion,3864,0,11782
reflexion,5965,0,11712
reflexion,5043,0,0
reflexion,4255,0,159883
reflexion,5155,1,6320
reflexion,6649,0,6102
reflexion,4214,0,6393
reflexion,6807,1,13550
reflexion,6357,0,130547
reflexion,901,0,35969
reflexion,167,1,6053
reflexion,3124,0,10947
reflexion,6526,1,4057
reflexion,3880,1,4047
reflexion,451,0,52568
reflexion,7244,0,165823
reflexion,5365,1,6534
reflexion,6569,0,158756
reflexion,1059,0,13412
reflexion,3685,1,7896
reflexion,325,0,6366
reflexion,6460,1,129749
reflexion,7352,1,6195
reflexion,5404,0,4374
reflexion,4247,1,131856
reflexion,4381,0,75756
reflexion,5235,1,8519
reflexion,5542,1,5854
reflexion,3355,1,6072
reflexion,5608,1,31122
reflexion,6074,0,6263
reflexion,2690,0,95084
reflexion,1297,1,11017
reflexion,1180,0,6254
reflexion,4933,0,8689
reflexion,1419,0,13003
reflexion,3006,0,6222
reflexion,3807,0,17904
reflexion,3613,0,6226
reflexion,3542,1,68313
reflexion,4799,0,20091
reflexion,4733,1,6283
reflexion,6905,0,13035
reflexion,3788,0,4173
reflexion,2513,1,10995
reflexion,5337,0,11404
reflexion,1417,0,8399
reflexion,7333,0,15681
reflexion,6796,0,111991
reflexion,7280,0,87033
reflexion,6416,1,141115
reflexion,3164,0,91278
reflexion,2299,0,62130
reflexion,580,0,6371
reflexion,5498,1,6301
reflexion,1422,0,104611
reflexion,5313,1,6427
reflexion,5532,0,33301
reflexion,32,0,56715
reflexion,273,0,143207
reflexion,1094,1,6357
reflexion,2277,0,6442
reflexion,2521,1,6465
reflexion,6883,0,17933
reflexion,2884,1,13260
reflexion,975,0,96567
reflexion,2951,0,4062
reflexion,4037,0,67533
reflexion,7270,1,6162
reflexion,5285,0,128306
reflexion,1910,0,8349
reflexion,2594,0,18605
reflexion,1815,0,6478
reflexion,5341,0,8789
reflexion,218,1,15571
reflexion,87,1,6308
reflexion,5187,0,163575
reflexion,1418,0,96779
reflexion,2658,1,20418
reflexion,2852,1,6648
reflexion,6477,1,16854
reflexion,2708,1,8354
reflexion,571,0,8434
reflexion,1011,0,24318
reflexion,4604,1,4055
reflexion,3377,0,69018
reflexion,879,0,76123
reflexion,7116,0,153739
reflexion,3340,1,11542
reflexion,3494,1,4201
reflexion,4693,0,6745
reflexion,1039,0,4209
reflexion,3897,1,5952
reflexion,5389,1,8426
reflexion,2853,0,92147
reflexion,6149,1,6137
reflexion,321,0,4281
reflexion,5356,1,6260
reflexion,5228,1,6286
reflexion,12,1,33836
reflexion,6989,0,33447
reflexion,1927,0,174610
reflexion,3476,0,6274
reflexion,1678,1,4040
reflexion,5998,0,0
reflexion,2192,0,186533
reflexion,1175,0,74114
reflexion,4545,1,4193
reflexion,1674,0,6222
reflexion,279,0,6334
reflexion,5674,0,6246
reflexion,5036,0,158176
reflexion,4180,0,56619
reflexion,4597,0,14183
reflexion,5459,1,10952
reflexion,3153,0,100750
reflexion,7245,1,10716
reflexion,3055,0,61242
reflexion,5800,0,4350
reflexion,4738,0,121263
reflexion,645,1,15880
reflexion,2361,1,8538
reflexion,6080,0,109843
reflexion,2642,0,68607
reflexion,7153,0,186159
reflexion,5490,0,92196
reflexion,691,0,6346
reflexion,3794,1,6203
reflexion,4912,0,119403
reflexion,1102,1,6158
reflexion,2123,0,13175
reflexion,3007,1,54090
reflexion,2738,0,6122
reflexion,5975,1,6299
reflexion,3171,0,59038
reflexion,4911,1,8228
reflexion,6849,0,157441
reflexion,6370,1,8790
reflexion,3043,1,6324
reflexion,603,1,13463
reflexion,2894,0,170891
reflexion,7387,0,136292
reflexion,3693,0,163544
reflexion,6135,0,113872
reflexion,5441,1,8635
reflexion,3669,1,5948
reflexion,2379,1,6368
reflexion,1527,0,164341
reflexion,359,1,51277
reflexion,3792,0,6334
reflexion,6797,0,123689
reflexion,4444,0,26678
reflexion,7304,0,37998
reflexion,779,0,179747
reflexion,3324,1,6048
reflexion,3488,0,8466
reflexion,6469,0,65774
reflexion,2732,0,187036
reflexion,3094,0,8533
reflexion,6744,0,178669
reflexion,4475,0,14026
reflexion,1289,0,128584
reflexion,549,0,6350
reflexion,3351,0,121730
reflexion,628,0,158387
reflexion,5029,1,4126
reflexion,3599,0,171719
reflexion,7184,1,74042
reflexion,1061,1,6174
reflexion,5602,0,6325
reflexion,398,1,19677
reflexion,4241,1,4175
reflexion,2859,1,8308
reflexion,4615,0,68301
reflexion,4327,0,70074
reflexion,6863,1,8649
reflexion,4616,1,13173
reflexion,6755,1,6472
reflexion,194,1,6501
reflexion,4686,0,89206
reflexion,5492,0,183833
reflexion,3596,1,6257
reflexion,6127,1,29047
reflexion,1019,1,5946
reflexion,991,0,8312
reflexion,1399,1,10965
reflexion,1882,0,177989
reflexion,4057,0,160955
reflexion,928,1,20518
reflexion,1883,1,13353
reflexion,2389,0,69159
reflexion,4006,1,56160
reflexion,1001,0,26150
reflexion,1013,0,6609
reflexion,6613,1,8702
reflexion,163,0,8501
reflexion,1578,1,6263
reflexion,6995,0,117403
reflexion,5883,0,129706
reflexion,6239,1,6422
reflexion,3826,0,50540
reflexion,2274,0,16042
reflexion,1169,1,6254
reflexion,6119,1,6239
reflexion,2895,1,8592
reflexion,1268,1,3982
reflexion,3212,1,6126
reflexion,615,0,4138
reflexion,5758,0,21572
reflexion,4086,1,43888
reflexion,5561,1,31690
reflexion,6888,0,52059
reflexion,3704,1,51832
reflexion,6659,1,6401
reflexion,3303,0,163285
reflexion,1258,0,76065
reflexion,244,0,8134
reflexion,1109,1,10437
reflexion,242,0,106258
reflexion,7169,1,83379
reflexion,6575,1,14982
reflexion,1745,1,6093
reflexion,4223,1,10777
reflexion,4197,1,31027
reflexion,2767,1,4092
reflexion,3531,0,11710
reflexion,3486,0,109472
reflexion,4967,1,6536
reflexion,5935,0,16429
reflexion,1462,0,6285
reflexion,4125,1,6800
reflexion,2743,0,171646
reflexion,2196,1,130619
reflexion,6560,1,4035
reflexion,344,1,4102
reflexion,5430,0,96193
reflexion,5359,0,161326
reflexion,1818,0,169068
reflexion,3215,0,139862
reflexion,7137,1,8113
reflexion,3977,0,77175
reflexion,24,0,8856
reflexion,7285,1,6402
reflexion,6543,0,162969
reflexion,6485,0,72425
reflexion,110,1,6101
reflexion,3569,1,8839
reflexion,3916,0,136011
reflexion,4873,0,31029
reflexion,3729,1,6231
reflexion,6325,1,6057
reflexion,855,1,4103
reflexion,1244,1,6178
reflexion,6175,0,101703
reflexion,5147,0,8666
reflexion,3817,0,78689
reflexion,1306,1,8231
reflexion,6053,0,52260
reflexion,2680,1,82807
reflexion,1667,0,85646
reflexion,1642,1,8724
reflexion,4741,1,5810
reflexion,2489,0,95867
reflexion,935,0,142342
reflexion,4928,0,65430
reflexion,6284,1,18517
reflexion,5391,0,169991
reflexion,4569,0,96829
reflexion,772,1,6073
reflexion,4343,1,6457
reflexion,3883,0,6227
reflexion,5001,0,84030
reflexion,5099,0,52304
reflexion,6481,1,4288
reflexion,1378,1,10692
reflexion,5890,0,8892
reflexion,6991,1,16189
reflexion,1027,1,63451
reflexion,2371,1,4013
reflexion,869,0,4045
reflexion,1311,1,6254
reflexion,3424,1,5968
reflexion,1940,1,6005
reflexion,3427,1,6172
reflexion,423,0,112923
reflexion,4706,0,96602
reflexion,2910,1,6345
reflexion,1364,1,6234
reflexion,3576,0,13088
reflexion,1031,0,6092
reflexion,1049,0,19163
reflexion,5621,0,64181
reflexion,174,0,6471
reflexion,3533,1,13625
reflexion,5650,1,4077
reflexion,1962,0,131142
reflexion,1647,0,6222
reflexion,1375,1,6084
reflexion,4544,0,4042
reflexion,2734,0,86532
reflexion,2536,0,174266
reflexion,5270,1,6265
reflexion,7368,0,38348
reflexion,7207,0,27521
reflexion,6219,1,6477
reflexion,3770,0,144949
reflexion,6365,0,98527
reflexion,1479,1,6169
reflexion,2668,0,8511
reflexion,3774,0,6682
reflexion,4852,1,6140
reflexion,6081,0,173638
reflexion,7383,1,6528
reflexion,4466,1,32535
reflexion,1007,0,190417
reflexion,2226,1,6220
reflexion,5293,0,13299
reflexion,137,1,54470
reflexion,4715,0,49181
reflexion,2728,1,6345
reflexion,6949,1,3966
reflexion,5000,0,167981
reflexion,1355,0,8627
reflexion,6606,0,131398
reflexion,306,0,83443
reflexion,2121,1,4180
reflexion,6773,1,6324
reflexion,6816,1,9058
reflexion,5570,0,100566
reflexion,3156,1,4238
reflexion,4209,0,120808
reflexion,7359,0,84926
reflexion,219,0,56899
reflexion,2606,0,90636
reflexion,2807,1,8765
reflexion,4913,0,172187
reflexion,6052,0,6257
reflexion,7008,1,21278
reflexion,1472,0,6599
reflexion,6130,1,37781
reflexion,4756,1,6458
reflexion,3103,1,6565
reflexion,3426,1,6272
reflexion,5882,1,5981
reflexion,2446,0,176165
reflexion,450,1,8422
reflexion,1455,0,144721
reflexion,5979,0,8236
reflexion,6713,0,4199
reflexion,1610,0,173604
reflexion,1952,0,157761
reflexion,6115,0,88855
reflexion,4644,0,6153
reflexion,5066,1,10935
reflexion,6622,0,18700
reflexion,7107,0,8589
reflexion,5156,0,169629
reflexion,2810,1,8649
reflexion,6004,0,97565
reflexion,6008,1,140003
reflexion,6685,0,75972
reflexion,6291,1,8147
reflexion,1165,1,6227
reflexion,7261,0,167932
reflexion,3114,1,24239
reflexion,2862,0,115291
reflexion,1266,1,6166
reflexion,1105,1,6063
reflexion,7150,0,125077
reflexion,2075,0,165252
reflexion,5993,1,103530
reflexion,4387,1,8399
reflexion,1875,1,6339
reflexion,4403,1,6405
reflexion,1385,0,74188
reflexion,5342,1,10626
reflexion,4301,0,63614
reflexion,778,0,171011
reflexion,5922,0,6763
reflexion,7216,0,68299
reflexion,2869,1,6293
reflexion,5261,1,26411
reflexion,927,0,6529
reflexion,4071,0,107403
reflexion,516,0,91876
reflexion,7212,0,66525
reflexion,3915,1,16515
reflexion,4248,0,4182
reflexion,1162,1,6196
reflexion,1544,1,113308
reflexion,5113,1,30136
reflexion,973,1,6436
reflexion,1991,1,6104
reflexion,2517,0,167548
reflexion,15,0,160582
reflexion,1547,0,156996
reflexion,3699,0,71090
reflexion,6421,1,6015
reflexion,4212,1,49276
reflexion,1164,0,87236
reflexion,6836,1,6420
reflexion,5853,0,8658
reflexion,1523,1,6424
reflexion,6665,0,175229
reflexion,2955,0,6367
reflexion,1783,0,10735
reflexion,913,0,59470
reflexion,1396,1,6471
reflexion,1283,0,8163
reflexion,693,1,6193
reflexion,5696,0,6179
reflexion,5930,0,75929
reflexion,2566,0,16601
reflexion,1998,1,8303
reflexion,6479,1,8588
reflexion,189,1,6387
reflexion,5134,0,161355
reflexion,2802,0,15578
reflexion,4040,1,6217
reflexion,930,0,125122
reflexion,5225,1,52937
reflexion,6350,1,6124
reflexion,5732,0,8131
reflexion,925,0,159127
reflexion,1436,0,30920
reflexion,5889,0,75636
reflexion,5129,1,73612
reflexion,1182,1,8529
reflexion,2704,0,116161
reflexion,1144,1,10667
reflexion,2538,0,120061
reflexion,2905,1,6367
reflexion,6756,0,6060
reflexion,1793,1,6508
reflexion,545,0,16140
reflexion,743,1,10583
react,1888,0,18879
react,3545,0,3917
react,2587,0,13471
react,3726,0,7764
react,3469,0,6088
react,7385,0,10478
react,1873,1,6108
react,672,0,17590
react,6679,0,9778
react,3619,0,10764
react,449,0,8483
react,5874,0,5935
react,5858,0,3944
react,5159,1,6400
react,1079,0,15431
react,5999,0,13100
react,4055,1,6210
react,4806,0,3816
react,4188,1,6450
react,6895,0,15183
react,6611,1,6416
react,404,1,6149
react,251,1,3811
react,2709,0,16075
react,4136,0,1926
react,6282,0,6153
react,6253,0,17195
react,2053,1,13586
react,1891,0,3927
react,702,0,16910
react,6220,0,11132
react,6060,1,3801
react,5157,0,3899
react,6633,0,6335
react,7272,0,16505
react,3969,1,6358
react,2187,0,6399
react,2191,0,6244
react,3625,0,17453
react,647,1,4113
react,454,1,10920
react,3600,0,18508
react,4896,1,5753
react,6729,0,8369
react,5718,0,8276
react,2397,1,6083
react,2557,0,10215
react,885,0,15633
react,2046,1,6009
react,4651,0,8550
react,2661,0,12444
react,4028,1,6004
react,2580,1,5974
react,3888,1,5871
react,4153,1,8293
react,6718,0,6245
react,7397,1,3835
react,6700,1,3863
react,3736,1,10525
react,5988,0,16078
react,4449,0,17075
react,6997,0,15803
react,2481,1,5809
react,5884,0,12531
react,3864,0,14087
react,5965,0,6223
react,5043,1,15540
react,4255,0,10771
react,5155,1,6077
react,6649,0,5864
react,4214,0,6174
react,6807,1,10826
react,6357,0,3837
react,901,0,14327
react,167,1,5862
react,3124,0,16070
react,6526,1,6066
react,3880,1,3875
react,451,0,16569
react,7244,0,16741
react,5365,1,6340
react,6569,0,20211
react,1059,0,15798
react,3685,1,7719
react,325,0,6122
react,6460,0,19273
react,7352,1,6018
react,5404,0,4134
react,4247,0,15900
react,4381,0,7952
react,5235,1,11045
react,5542,1,5680
react,3355,1,5902
react,5608,0,5783
react,6074,0,6051
react,2690,0,15939
react,1297,0,3849
react,1180,0,6003
react,4933,0,8472
react,1419,0,12749
react,3006,0,5943
react,3807,0,5946
react,3613,0,3873
react,3542,0,13317
react,4799,0,8914
react,4733,1,6100
react,6905,0,15753
react,3788,0,3925
react,2513,1,8451
react,5337,0,11140
react,1417,0,8195
react,7333,1,6086
react,6796,0,10081
react,7280,0,17148
react,6416,0,15275
react,3164,0,6794
react,2299,0,5860
react,580,0,6162
react,5498,1,6114
react,1422,0,5949
react,5313,1,6235
react,5532,0,16737
react,32,0,3955
react,273,0,15130
react,1094,1,6094
react,2277,0,6218
react,2521,1,6270
react,6883,0,8058
react,2884,0,13481
react,975,0,10578
react,2951,0,3853
react,4037,0,6106
react,7270,1,5982
react,5285,0,16634
react,1910,0,8108
react,2594,0,6161
react,1815,0,6278
react,5341,0,6169
react,218,1,15277
react,87,1,6129
react,5187,0,16068
react,1418,0,10586
react,2658,0,10319
react,2852,1,6466
react,6477,0,15486
react,2708,1,8265
react,571,0,8197
react,1011,0,13676
react,4604,1,3846
react,3377,0,6107
react,879,0,3860
react,7116,0,16062
react,3340,1,11633
react,3494,1,4006
react,4693,0,6520
react,1039,0,6117
react,3897,1,5807
react,5389,1,8231
react,2853,0,8792
react,6149,1,5951
react,321,0,4029
react,5356,1,6080
react,5228,1,6102
react,12,0,16598
react,6989,0,15706
react,1927,0,10728
react,3476,0,6015
react,1678,1,3823
react,5998,0,16812
react,2192,0,16318
react,1175,0,6249
react,4545,1,3998
react,1674,0,6042
react,279,0,6109
react,5674,0,6080
react,5036,0,16869
react,4180,0,3940
react,4597,0,13972
react,5459,1,10767
react,3153,0,15573
react,7245,1,10547
react,3055,0,3761
react,5800,0,6347
react,4738,0,5905
react,645,1,10666
react,2361,0,10762
react,6080,0,3824
react,2642,0,6507
react,7153,0,15993
react,5490,0,6192
react,691,0,6140
react,3794,1,6024
react,4912,0,13739
react,1102,1,5983
react,2123,0,16082
react,3007,0,4010
react,2738,0,5913
react,5975,1,6126
react,3171,0,3871
react,4911,1,8036
react,6849,0,10710
react,6370,1,6398
react,3043,1,6170
react,603,1,13160
react,2894,0,17241
react,7387,0,14895
react,3693,0,15845
react,6135,0,15475
react,5441,1,8399
react,3669,1,5765
react,2379,1,6174
react,1527,0,16301
react,359,0,12981
react,3792,0,6027
react,6797,1,17217
react,4444,0,10849
react,7304,0,6563
react,779,0,14188
react,3324,1,5861
react,3488,0,8286
react,6469,0,10579
react,2732,0,18304
react,3094,0,8233
react,6744,0,16634
react,4475,0,13828
react,1289,0,16227
react,549,0,6217
react,3351,0,8722
react,628,0,16001
react,5029,1,3944
react,3599,0,17105
react,7184,0,15963
react,1061,1,5994
react,5602,0,6089
react,398,0,6266
react,4241,1,3983
react,2859,1,8100
react,4615,0,6199
react,4327,0,3977
react,6863,1,8457
react,4616,1,13452
react,6755,1,11258
react,194,1,6286
react,4686,0,8518
react,5492,0,16318
react,3596,1,6079
react,6127,1,10485
react,1019,1,5774
react,991,0,8079
react,1399,1,10779
react,1882,0,16436
react,4057,0,15974
react,928,0,8083
react,1883,0,5957
react,2389,0,8829
react,4006,1,14058
react,1001,0,15553
react,1013,0,6338
react,6613,1,6233
react,163,0,8256
react,1578,1,6068
react,6995,0,14019
react,5883,0,13657
react,6239,1,6249
react,3826,0,5952
react,2274,0,6003
react,1169,1,6128
react,6119,1,6051
react,2895,1,8386
react,1268,1,3800
react,3212,1,5980
react,615,0,3920
react,5758,0,10722
react,4086,0,15565
react,5561,1,15584
react,6888,0,5717
react,3704,0,6179
react,6659,1,6217
react,3303,0,14412
react,1258,0,8262
react,244,0,7946
react,1109,1,10235
react,242,0,16565
react,7169,0,16368
react,6575,0,17062
react,1745,1,5914
react,4223,1,10584
react,4197,0,15718
react,2767,1,3927
react,3531,0,8765
react,3486,0,3821
react,4967,1,6359
react,5935,0,16326
react,1462,0,6076
react,4125,1,6603
react,2743,0,15813
react,2196,0,16166
react,6560,1,3851
react,344,1,3922
react,5430,0,13285
react,5359,0,15651
react,1818,0,16869
react,3215,0,8336
react,7137,1,7863
react,3977,0,8406
react,24,0,8817
react,7285,1,6229
react,6543,0,16164
react,6485,0,11192
react,110,1,5925
react,3569,1,8650
react,3916,0,15468
react,4873,0,13828
react,3729,1,6052
react,6325,1,5889
react,855,1,3918
react,1244,1,6008
react,6175,0,10288
react,5147,0,6231
react,3817,0,8645
react,1306,1,7951
react,6053,0,5903
react,2680,0,8203
react,1667,0,10292
react,1642,1,8520
react,4741,1,5645
react,2489,0,10698
react,935,0,15411
react,4928,0,10422
react,6284,1,18053
react,5391,0,17295
react,4569,0,4032
react,772,1,5902
react,4343,1,6265
react,3883,0,6023
react,5001,0,11502
react,5099,0,6239
react,6481,1,4086
react,1378,1,10465
react,5890,0,8695
react,6991,0,15979
react,1027,0,16888
react,2371,1,3809
react,869,0,6068
react,1311,1,6075
react,3424,1,5799
react,1940,1,5829
react,3427,1,5996
react,423,0,16300
react,4706,0,8214
react,2910,1,6160
react,1364,1,8193
react,3576,0,13374
react,1031,0,5886
react,1049,0,8453
react,5621,0,5994
react,174,0,21222
react,3533,1,13386
react,5650,1,3898
react,1962,0,7835
react,1647,0,6022
react,1375,1,5906
react,4544,0,3831
react,2734,0,4122
react,2536,0,17374
react,5270,1,6261
react,7368,0,1972
react,7207,0,11302
react,6219,1,8596
react,3770,0,15117
react,6365,0,8245
react,1479,1,5989
react,2668,0,10361
react,3774,0,6449
react,4852,1,5944
react,6081,0,17901
react,7383,1,6347
react,4466,0,15765
react,1007,0,17664
react,2226,1,6039
react,5293,0,5938
react,137,0,13648
react,4715,0,3999
react,2728,1,6166
react,6949,1,3794
react,5000,0,12440
react,1355,0,8396
react,6606,0,16053
react,306,0,8471
react,2121,1,3990
react,6773,1,6136
react,6816,1,14056
react,5570,0,16225
react,3156,1,4015
react,4209,0,5983
react,7359,0,12847
react,219,0,8005
react,2606,0,8176
react,2807,1,8573
react,4913,0,16559
react,6052,0,6032
react,7008,1,13365
react,1472,0,6414
react,6130,0,15690
react,4756,1,6255
react,3103,1,6380
react,3426,1,6100
react,5882,1,5800
react,2446,0,13298
react,450,1,8402
react,1455,0,17003
react,5979,0,8010
react,6713,0,3973
react,1610,0,15907
react,1952,0,17317
react,6115,0,8562
react,4644,0,5939
react,5066,0,8281
react,6622,0,8406
react,7107,1,8379
react,5156,0,8037
react,2810,1,10708
react,6004,0,11216
react,6008,0,18834
react,6685,0,6402
react,6291,1,10404
react,1165,1,6035
react,7261,0,8490
react,3114,0,11958
react,2862,0,16712
react,1266,1,5996
react,1105,1,5893
react,7150,0,10734
react,2075,0,16146
react,5993,0,13250
react,4387,1,4023
react,1875,1,6152
react,4403,1,6226
react,1385,0,8911
react,5342,1,15809
react,4301,0,6033
react,778,0,16691
react,5922,0,6496
react,7216,0,6038
react,2869,1,6119
react,5261,0,15584
react,927,0,6273
react,4071,0,17049
react,516,0,6396
react,7212,0,3947
react,3915,0,5987
react,4248,0,4007
react,1162,1,6016
react,1544,0,10517
react,5113,1,15626
react,973,1,6223
react,1991,1,5922
react,2517,0,15496
react,15,0,6124
react,1547,1,3972
react,3699,0,8332
react,6421,1,5802
react,4212,0,15389
react,1164,0,8625
react,6836,1,6232
react,5853,0,8432
react,1523,1,6245
react,6665,0,18501
react,2955,0,6134
react,1783,0,8140
react,913,0,8228
react,1396,1,6296
react,1283,0,7937
react,693,1,5973
react,5696,0,5973
react,5930,0,6078
react,2566,0,4029
react,1998,1,8079
react,6479,1,8402
react,189,1,6187
react,5134,0,16728
react,2802,0,15431
react,4040,1,6041
react,930,0,10730
react,5225,0,5907
react,6350,1,5947
react,5732,0,12742
react,925,0,15179
react,1436,0,8101
react,5889,0,6148
react,5129,0,15909
react,1182,1,8337
react,2704,0,16318
react,1144,1,12858
react,2538,0,17725
react,2905,1,6196
react,6756,0,5839
react,1793,1,6321
react,545,0,15461
react,743,1,10409
cot_sc,1888,0,67662
cot_sc,3545,0,20986
cot_sc,2587,0,36921
cot_sc,3726,1,34114
cot_sc,3469,0,28102
cot_sc,7385,1,30885
cot_sc,1873,1,25393
cot_sc,672,0,60790
cot_sc,6679,0,37417
cot_sc,3619,0,53915
cot_sc,449,0,51635
cot_sc,5874,0,24558
cot_sc,5858,0,26031
cot_sc,5159,1,20997
cot_sc,1079,0,47437
cot_sc,5999,0,46984
cot_sc,4055,1,26028
cot_sc,4806,0,17550
cot_sc,4188,0,27063
cot_sc,6895,0,50497
cot_sc,6611,1,31366
cot_sc,404,1,25696
cot_sc,251,0,17571
cot_sc,2709,0,50508
cot_sc,4136,0,11436
cot_sc,6282,0,25824
cot_sc,6253,0,45117
cot_sc,2053,1,48462
cot_sc,1891,0,18412
cot_sc,702,0,59522
cot_sc,6220,1,38536
cot_sc,6060,1,20018
cot_sc,5157,0,18009
cot_sc,6633,1,41655
cot_sc,7272,0,57288
cot_sc,3969,1,26297
cot_sc,2187,0,26816
cot_sc,2191,0,25904
cot_sc,3625,0,59628
cot_sc,647,0,19168
cot_sc,454,1,30732
cot_sc,3600,0,50517
cot_sc,4896,1,24994
cot_sc,6729,0,31831
cot_sc,5718,1,40583
cot_sc,2397,1,25398
cot_sc,2557,0,40262
cot_sc,885,0,55048
cot_sc,2046,1,24983
cot_sc,4651,0,33389
cot_sc,2661,0,37996
cot_sc,4028,1,25053
cot_sc,2580,1,24713
cot_sc,3888,1,24266
cot_sc,4153,1,34913
cot_sc,6718,1,25764
cot_sc,7397,1,17610
cot_sc,6700,1,20124
cot_sc,3736,1,39456
cot_sc,5988,1,58513
cot_sc,4449,0,49154
cot_sc,6997,1,57268
cot_sc,2481,1,23847
cot_sc,5884,0,52335
cot_sc,3864,0,51402
cot_sc,5965,0,28264
cot_sc,5043,1,36822
cot_sc,4255,0,55462
cot_sc,5155,1,25055
cot_sc,6649,0,24140
cot_sc,4214,0,25572
cot_sc,6807,1,49334
cot_sc,6357,0,17546
cot_sc,901,0,39793
cot_sc,167,1,24132
cot_sc,3124,0,54831
cot_sc,6526,1,20599
cot_sc,3880,1,18003
cot_sc,451,0,53233
cot_sc,7244,0,61044
cot_sc,5365,1,26450
cot_sc,6569,0,66665
cot_sc,1059,0,56428
cot_sc,3685,1,37005
cot_sc,325,0,25382
cot_sc,6460,0,60524
cot_sc,7352,1,24717
cot_sc,5404,0,19489
cot_sc,4247,1,53016
cot_sc,4381,0,38171
cot_sc,5235,1,35965
cot_sc,5542,1,25938
cot_sc,3355,1,24473
cot_sc,5608,0,25974
cot_sc,6074,0,25080
cot_sc,2690,0,49201
cot_sc,1297,1,17632
cot_sc,1180,0,24930
cot_sc,4933,0,32950
cot_sc,1419,0,37842
cot_sc,3006,0,24694
cot_sc,3807,0,24587
cot_sc,3613,0,20177
cot_sc,3542,0,38381
cot_sc,4799,0,34952
cot_sc,4733,1,46465
cot_sc,6905,0,21835
cot_sc,3788,0,18222
cot_sc,2513,1,30516
cot_sc,5337,0,35961
cot_sc,1417,0,32197
cot_sc,7333,1,25338
cot_sc,6796,1,41866
cot_sc,7280,0,48908
cot_sc,6416,1,54990
cot_sc,3164,0,27328
cot_sc,2299,0,24338
cot_sc,580,0,25596
cot_sc,5498,1,34227
cot_sc,1422,0,24696
cot_sc,5313,1,26133
cot_sc,5532,0,54364
cot_sc,32,0,18270
cot_sc,273,0,49426
cot_sc,1094,1,25374
cot_sc,2277,0,26027
cot_sc,2521,1,25871
cot_sc,6883,0,22030
cot_sc,2884,1,43124
cot_sc,975,0,26127
cot_sc,2951,0,17784
cot_sc,4037,0,25350
cot_sc,7270,0,24826
cot_sc,5285,0,55444
cot_sc,1910,0,31815
cot_sc,2594,0,27794
cot_sc,1815,0,26309
cot_sc,5341,0,30478
cot_sc,218,1,55374
cot_sc,87,1,25417
cot_sc,5187,0,58698
cot_sc,1418,0,47172
cot_sc,2658,1,28416
cot_sc,2852,1,38825
cot_sc,6477,1,46095
cot_sc,2708,1,31833
cot_sc,571,0,33069
cot_sc,1011,0,43066
cot_sc,4604,0,17809
cot_sc,3377,0,25507
cot_sc,879,0,21543
cot_sc,7116,0,29744
cot_sc,3340,1,39025
cot_sc,3494,1,18345
cot_sc,4693,0,27205
cot_sc,1039,0,18372
cot_sc,3897,0,36446
cot_sc,5389,1,32390
cot_sc,2853,0,31535
cot_sc,6149,1,26723
cot_sc,321,0,18630
cot_sc,5356,1,25166
cot_sc,5228,1,25317
cot_sc,12,1,57013
cot_sc,6989,0,56013
cot_sc,1927,0,26299
cot_sc,3476,0,25531
cot_sc,1678,1,24081
cot_sc,5998,0,59717
cot_sc,2192,0,59656
cot_sc,1175,0,28726
cot_sc,4545,1,29999
cot_sc,1674,0,25316
cot_sc,279,0,25534
cot_sc,5674,0,27579
cot_sc,5036,0,53612
cot_sc,4180,0,18187
cot_sc,4597,0,36701
cot_sc,5459,1,37444
cot_sc,3153,0,64376
cot_sc,7245,1,37104
cot_sc,3055,0,17168
cot_sc,5800,0,21698
cot_sc,4738,0,50341
cot_sc,645,1,43429
cot_sc,2361,0,41493
cot_sc,6080,0,33264
cot_sc,2642,0,26663
cot_sc,7153,0,57394
cot_sc,5490,0,25886
cot_sc,691,0,25744
cot_sc,3794,1,18061
cot_sc,4912,0,38821
cot_sc,1102,1,25286
cot_sc,2123,1,50985
cot_sc,3007,0,18822
cot_sc,2738,0,24467
cot_sc,5975,1,35273
cot_sc,3171,0,17898
cot_sc,4911,1,31294
cot_sc,6849,0,48853
cot_sc,6370,1,34137
cot_sc,3043,1,25471
cot_sc,603,1,38856
cot_sc,2894,0,65808
cot_sc,7387,0,54651
cot_sc,3693,0,52037
cot_sc,6135,0,49702
cot_sc,5441,1,41151
cot_sc,3669,1,24573
cot_sc,2379,0,25697
cot_sc,1527,0,42534
cot_sc,359,0,39902
cot_sc,3792,0,25138
cot_sc,6797,1,49879
cot_sc,4444,0,30764
cot_sc,7304,0,27862
cot_sc,779,0,58617
cot_sc,3324,1,17432
cot_sc,3488,0,32440
cot_sc,6469,0,42725
cot_sc,2732,0,65724
cot_sc,3094,0,32149
cot_sc,6744,0,62274
cot_sc,4475,0,53183
cot_sc,1289,0,35969
cot_sc,549,0,39061
cot_sc,3351,0,39077
cot_sc,628,1,58187
cot_sc,5029,1,18356
cot_sc,3599,0,65592
cot_sc,7184,0,56951
cot_sc,1061,1,24646
cot_sc,5602,0,25237
cot_sc,398,1,27001
cot_sc,4241,1,18424
cot_sc,2859,1,31408
cot_sc,4615,0,25869
cot_sc,4327,0,29451
cot_sc,6863,1,33484
cot_sc,4616,1,35310
cot_sc,6755,1,46176
cot_sc,194,0,26414
cot_sc,4686,0,28252
cot_sc,5492,0,59489
cot_sc,3596,1,25179
cot_sc,6127,1,57187
cot_sc,1019,1,23716
cot_sc,991,0,31069
cot_sc,1399,0,38247
cot_sc,1882,0,59384
cot_sc,4057,1,52816
cot_sc,928,0,46319
cot_sc,1883,1,43576
cot_sc,2389,0,32720
cot_sc,4006,1,49442
cot_sc,1001,0,40205
cot_sc,1013,0,26422
cot_sc,6613,1,28455
cot_sc,163,0,34773
cot_sc,1578,1,24939
cot_sc,6995,0,58996
cot_sc,5883,0,55337
cot_sc,6239,1,29006
cot_sc,3826,0,25308
cot_sc,2274,0,35623
cot_sc,1169,1,27748
cot_sc,6119,1,24777
cot_sc,1268,0,24886
cot_sc,3212,1,24914
cot_sc,615,0,18070
cot_sc,5758,0,37920
cot_sc,4086,1,50936
cot_sc,5561,1,54749
cot_sc,6888,0,28061
cot_sc,3704,0,25844
cot_sc,6659,1,26062
cot_sc,3303,0,60574
cot_sc,1258,0,28511
cot_sc,244,0,28354
cot_sc,1109,0,38270
cot_sc,242,0,61808
cot_sc,7169,0,54160
cot_sc,6575,0,60049
cot_sc,1745,1,24630
cot_sc,4223,1,37377
cot_sc,4197,0,45576
cot_sc,2767,1,22947
cot_sc,3531,0,29262
cot_sc,3486,0,19762
cot_sc,4967,1,26439
cot_sc,5935,0,60749
cot_sc,1462,0,26257
cot_sc,4125,1,28023
cot_sc,2743,0,59278
cot_sc,2196,0,57259
cot_sc,6560,1,20181
cot_sc,344,1,18232
cot_sc,5430,0,42266
cot_sc,5359,0,55590
cot_sc,1818,0,56704
cot_sc,3215,0,56846
cot_sc,7137,1,30485
cot_sc,3977,0,35349
cot_sc,24,0,36622
cot_sc,7285,1,28448
cot_sc,6543,0,58413
cot_sc,6485,1,37243
cot_sc,110,1,31964
cot_sc,3569,1,45521
cot_sc,3916,0,37335
cot_sc,4873,0,49577
cot_sc,3729,1,36542
cot_sc,6325,1,24411
cot_sc,855,1,18369
cot_sc,1244,1,25072
cot_sc,6175,0,40745
cot_sc,5147,0,30658
cot_sc,3817,0,33856
cot_sc,1306,1,30885
cot_sc,6053,0,22220
cot_sc,2680,0,43917
cot_sc,1667,0,36417
cot_sc,1642,1,33066
cot_sc,4741,1,23303
cot_sc,2489,0,56589
cot_sc,935,0,55594
cot_sc,4928,0,36781
cot_sc,6284,1,49868
cot_sc,5391,0,62013
cot_sc,4569,0,18784
cot_sc,772,1,28733
cot_sc,4343,1,26153
cot_sc,3883,0,25007
cot_sc,5001,0,37982
cot_sc,5099,0,21673
cot_sc,6481,0,23932
cot_sc,1378,0,44619
cot_sc,5890,0,51801
cot_sc,6991,1,49010
cot_sc,1027,0,61838
cot_sc,2371,0,19918
cot_sc,869,0,25183
cot_sc,1311,1,25337
cot_sc,3424,1,28239
cot_sc,1940,1,32727
cot_sc,3427,1,24886
cot_sc,423,0,57404
cot_sc,4706,0,32529
cot_sc,2910,1,25510
cot_sc,1364,1,29786
cot_sc,3576,0,44737
cot_sc,1031,0,24682
cot_sc,1049,0,42788
cot_sc,5621,0,24939
cot_sc,174,0,43909
cot_sc,3533,1,47862
cot_sc,5650,1,18005
cot_sc,1962,0,30960
cot_sc,1647,0,27235
cot_sc,1375,1,24219
cot_sc,4544,0,17648
cot_sc,2734,1,19286
cot_sc,2536,0,61859
cot_sc,5270,1,25975
cot_sc,7368,0,38646
cot_sc,7207,0,42091
cot_sc,6219,1,33984
cot_sc,3770,0,55596
cot_sc,6365,0,36174
cot_sc,1479,1,24770
cot_sc,2668,0,39432
cot_sc,3774,0,27230
cot_sc,4852,1,24755
cot_sc,6081,0,70613
cot_sc,7383,1,26402
cot_sc,4466,1,46865
cot_sc,1007,0,67489
cot_sc,2226,1,24937
cot_sc,5293,0,24417
cot_sc,137,1,43909
cot_sc,4715,0,18332
cot_sc,2728,1,25835
cot_sc,6949,1,19863
cot_sc,5000,0,37592
cot_sc,1355,0,32972
cot_sc,6606,0,55730
cot_sc,306,0,24949
cot_sc,2121,1,18676
cot_sc,6773,0,25431
cot_sc,6816,1,42911
cot_sc,5570,0,52394
cot_sc,3156,0,23321
cot_sc,4209,0,32106
cot_sc,7359,0,41901
cot_sc,219,0,40421
cot_sc,2606,0,32316
cot_sc,2807,0,28214
cot_sc,4913,0,60487
cot_sc,6052,0,24944
cot_sc,7008,1,31845
cot_sc,1472,0,26888
cot_sc,6130,0,57367
cot_sc,4756,1,26231
cot_sc,3103,1,26757
cot_sc,3426,1,25249
cot_sc,5882,1,23944
cot_sc,2446,0,57384
cot_sc,450,1,30400
cot_sc,1455,0,60261
cot_sc,5979,0,36023
cot_sc,6713,0,18419
cot_sc,1610,0,55340
cot_sc,1952,0,56194
cot_sc,6115,0,38340
cot_sc,4644,0,26781
cot_sc,5066,0,52403
cot_sc,6622,0,28115
cot_sc,7107,0,30053
cot_sc,5156,0,41766
cot_sc,2810,0,58202
cot_sc,6004,0,41326
cot_sc,6008,0,66889
cot_sc,6685,0,39508
cot_sc,6291,1,35289
cot_sc,1165,1,25182
cot_sc,7261,0,56020
cot_sc,3114,1,38254
cot_sc,2862,0,61097
cot_sc,1266,1,25135
cot_sc,1105,1,24367
cot_sc,7150,0,60237
cot_sc,2075,0,53610
cot_sc,5993,0,45693
cot_sc,4387,1,25442
cot_sc,1875,1,25139
cot_sc,4403,1,26055
cot_sc,1385,0,34765
cot_sc,5342,1,55200
cot_sc,4301,0,24878
cot_sc,778,0,50238
cot_sc,5922,0,29693
cot_sc,7216,0,25062
cot_sc,2869,1,25445
cot_sc,5261,1,30332
cot_sc,927,0,23759
cot_sc,4071,0,59464
cot_sc,516,0,39276
cot_sc,7212,0,18738
cot_sc,3915,1,24876
cot_sc,4248,0,18102
cot_sc,1162,1,24878
cot_sc,1544,0,57629
cot_sc,5113,0,56359
cot_sc,973,1,25692
cot_sc,1991,1,24719
cot_sc,2517,0,52876
cot_sc,15,0,25549
cot_sc,1547,1,32989
cot_sc,3699,0,37581
cot_sc,6421,0,22161
cot_sc,4212,1,54647
cot_sc,1164,0,33439
cot_sc,6836,1,26303
cot_sc,5853,0,46297
cot_sc,1523,1,32326
cot_sc,6665,0,50359
cot_sc,2955,0,25352
cot_sc,1783,0,39367
cot_sc,913,0,34515
cot_sc,1396,1,28519
cot_sc,1283,0,33509
cot_sc,693,0,26998
cot_sc,5696,0,24728
cot_sc,5930,0,42564
cot_sc,2566,0,34207
cot_sc,1998,0,31907
cot_sc,6479,1,32934
cot_sc,189,1,25901
cot_sc,5134,0,56083
cot_sc,2802,0,44841
cot_sc,4040,1,25078
cot_sc,930,1,47847
cot_sc,5225,1,38408
cot_sc,6350,1,44129
cot_sc,5732,0,30770
cot_sc,925,0,53721
cot_sc,1436,0,39641
cot_sc,5889,0,25779
cot_sc,5129,1,55732
cot_sc,1182,1,32716
cot_sc,2704,0,49640
cot_sc,1144,1,49959
cot_sc,2538,0,58399
cot_sc,2905,1,25972
cot_sc,6756,0,24050
cot_sc,1793,1,26137
cot_sc,545,0,55866
cot_sc,743,1,51682
action_prune,1888,0,18563
action_prune,3545,0,3917
action_prune,2587,0,16104
action_prune,3726,0,5716
action_prune,3469,0,6088
action_prune,7385,0,10549
action_prune,1873,1,6108
action_prune,672,0,16694
action_prune,6679,0,6540
action_prune,3619,0,13361
action_prune,449,0,16585
action_prune,5874,0,5935
action_prune,5858,0,3925
action_prune,5159,1,11093
action_prune,1079,0,15523
action_prune,5999,0,13104
action_prune,4055,1,6210
action_prune,4806,0,3816
action_prune,4188,1,6445
action_prune,6895,0,12404
action_prune,6611,1,6416
action_prune,404,1,6149
action_prune,251,1,3811
action_prune,2709,0,16026
action_prune,4136,0,1926
action_prune,6282,0,6194
action_prune,6253,0,11525
action_prune,2053,1,13359
action_prune,1891,0,3929
action_prune,702,0,16908
action_prune,6220,0,8235
action_prune,6060,1,6009
action_prune,5157,0,3896
action_prune,6633,0,8472
action_prune,7272,0,16467
action_prune,3969,1,6283
action_prune,2187,0,6399
action_prune,2191,0,6256
action_prune,3625,0,16853
action_prune,647,1,4113
action_prune,454,1,11051
action_prune,3600,1,16012
action_prune,4896,1,5751
action_prune,6729,0,8374
action_prune,5718,0,8276
action_prune,2397,1,6084
action_prune,2557,0,10188
action_prune,885,0,15713
action_prune,2046,1,6009
action_prune,4651,0,8590
action_prune,2661,0,12446
action_prune,4028,1,6010
action_prune,2580,1,5974
action_prune,3888,1,5875
action_prune,4153,1,8268
action_prune,6718,0,8903
action_prune,7397,1,3835
action_prune,6700,1,5969
action_prune,3736,1,5935
action_prune,5988,0,16288
action_prune,4449,0,16925
action_prune,6997,0,15440
action_prune,2481,1,5809
action_prune,5884,0,15055
action_prune,3864,0,11536
action_prune,5965,0,6229
action_prune,5043,0,16180
action_prune,4255,0,16846
action_prune,5155,1,6140
action_prune,6649,0,5866
action_prune,4214,0,6175
action_prune,6807,1,10826
action_prune,6357,0,3837
action_prune,901,0,11590
action_prune,167,1,5862
action_prune,3124,0,10774
action_prune,6526,1,3877
action_prune,3880,1,3875
action_prune,451,0,16621
action_prune,7244,0,16746
action_prune,5365,1,6340
action_prune,6569,0,20074
action_prune,1059,0,13272
action_prune,3685,1,7722
action_prune,325,0,6122
action_prune,6460,0,19674
action_prune,7352,1,6018
action_prune,5404,0,4134
action_prune,4247,0,16065
action_prune,4381,0,7961
action_prune,5235,1,8328
action_prune,5542,1,5680
action_prune,3355,1,5910
action_prune,5608,0,5783
action_prune,6074,0,6051
action_prune,2690,0,15699
action_prune,1297,0,3849
action_prune,1180,0,6003
action_prune,4933,0,8456
action_prune,1419,0,12676
action_prune,3006,0,5968
action_prune,3807,0,5975
action_prune,3613,0,3871
action_prune,3542,0,10771
action_prune,4799,0,6415
action_prune,4733,1,6100
action_prune,6905,0,12815
action_prune,3788,0,3930
action_prune,2513,1,10790
action_prune,5337,0,11146
action_prune,1417,0,8202
action_prune,7333,1,6086
action_prune,6796,0,5755
action_prune,7280,0,17631
action_prune,6416,0,15325
action_prune,3164,0,6780
action_prune,2299,0,5860
action_prune,580,0,6162
action_prune,5498,1,6114
action_prune,1422,0,5949
action_prune,5313,1,6235
action_prune,5532,0,16459
action_prune,32,0,3955
action_prune,273,0,15060
action_prune,1094,1,6094
action_prune,2277,0,6208
action_prune,2521,1,6270
action_prune,6883,0,8058
action_prune,2884,0,17008
action_prune,975,0,10506
action_prune,2951,0,3855
action_prune,4037,0,6100
action_prune,7270,1,5982
action_prune,5285,0,17080
action_prune,1910,0,8128
action_prune,2594,0,6204
action_prune,1815,0,6278
action_prune,5341,0,6157
action_prune,218,1,15147
action_prune,87,1,6129
action_prune,5187,0,16579
action_prune,1418,0,10536
action_prune,2658,0,5729
action_prune,2852,1,6466
action_prune,6477,1,16871
action_prune,2708,1,8177
action_prune,571,0,8197
action_prune,1011,0,13531
action_prune,4604,1,3846
action_prune,3377,0,6107
action_prune,879,0,3830
action_prune,7116,0,8255
action_prune,3340,1,11618
action_prune,3494,1,4006
action_prune,4693,0,6520
action_prune,1039,0,4015
action_prune,3897,1,5818
action_prune,5389,1,8246
action_prune,2853,0,8691
action_prune,6149,1,5957
action_prune,321,0,4029
action_prune,5356,1,6080
action_prune,5228,1,6102
action_prune,12,0,16172
action_prune,6989,0,15677
action_prune,1927,0,11376
action_prune,3476,0,6023
action_prune,1678,1,5815
action_prune,5998,0,16462
action_prune,2192,0,16732
action_prune,1175,0,6250
action_prune,4545,1,3998
action_prune,1674,0,6042
action_prune,279,0,6109
action_prune,5674,0,6064
action_prune,5036,0,15692
action_prune,4180,0,3940
action_prune,4597,0,13886
action_prune,5459,1,10768
action_prune,3153,0,19216
action_prune,7245,1,10642
action_prune,3055,0,3761
action_prune,5800,0,6453
action_prune,4738,0,10461
action_prune,645,1,10697
action_prune,2361,0,8362
action_prune,6080,0,5775
action_prune,2642,0,6578
action_prune,7153,0,16575
action_prune,5490,0,6192
action_prune,691,0,6140
action_prune,3794,1,6024
action_prune,4912,0,13718
action_prune,1102,1,5983
action_prune,2123,0,12991
action_prune,3007,0,4011
action_prune,2738,0,5913
action_prune,5975,1,6126
action_prune,3171,0,3871
action_prune,4911,1,8046
action_prune,6849,0,16217
action_prune,6370,1,6398
action_prune,3043,1,6170
action_prune,603,1,10575
action_prune,2894,0,18301
action_prune,7387,0,14602
action_prune,3693,0,13368
action_prune,6135,0,15459
action_prune,5441,1,8450
action_prune,3669,1,5765
action_prune,2379,1,6192
action_prune,1527,0,13493
action_prune,359,0,10631
action_prune,3792,0,6027
action_prune,6797,0,11544
action_prune,4444,0,10945
action_prune,7304,0,6631
action_prune,779,0,17115
action_prune,3324,1,5861
action_prune,3488,0,8265
action_prune,6469,0,8091
action_prune,2732,0,18626
action_prune,3094,0,8303
action_prune,6744,0,16819
action_prune,4475,0,13828
action_prune,1289,0,16282
action_prune,549,0,6295
action_prune,3351,0,11029
action_prune,628,0,16077
action_prune,5029,1,3940
action_prune,3599,0,16393
action_prune,7184,0,16160
action_prune,1061,1,5994
action_prune,5602,0,6089
action_prune,398,0,8996
action_prune,4241,1,3983
action_prune,2859,1,8121
action_prune,4615,0,6199
action_prune,4327,0,3985
action_prune,6863,1,8457
action_prune,4616,1,13478
action_prune,6755,1,11226
action_prune,194,1,6281
action_prune,4686,0,6120
action_prune,5492,0,16136
action_prune,3596,1,6079
action_prune,6127,0,15430
action_prune,1019,1,5774
action_prune,991,0,8004
action_prune,1399,1,10779
action_prune,1882,0,19268
action_prune,4057,0,15943
action_prune,928,0,8083
action_prune,1883,1,8181
action_prune,2389,0,6382
action_prune,4006,0,16686
action_prune,1001,0,16030
action_prune,1013,0,6338
action_prune,6613,1,8501
action_prune,163,0,8280
action_prune,1578,1,6077
action_prune,6995,0,10792
action_prune,5883,0,16320
action_prune,6239,1,6249
action_prune,3826,0,5958
action_prune,2274,0,5966
action_prune,1169,1,6126
action_prune,6119,1,6051
action_prune,2895,1,8367
action_prune,1268,1,3796
action_prune,3212,1,5946
action_prune,615,0,3909
action_prune,5758,0,6139
action_prune,4086,0,16306
action_prune,5561,0,15524
action_prune,6888,1,10634
action_prune,3704,0,6187
action_prune,6659,1,6201
action_prune,3303,0,17611
action_prune,1258,1,8191
action_prune,244,0,7950
action_prune,1109,1,10235
action_prune,242,0,10752
action_prune,7169,1,13070
action_prune,6575,0,17061
action_prune,1745,1,5914
action_prune,4223,0,8359
action_prune,4197,0,5832
action_prune,2767,1,3927
action_prune,3531,0,16665
action_prune,3486,0,5864
action_prune,4967,1,6359
action_prune,5935,0,16197
action_prune,1462,0,6076
action_prune,4125,1,6603
action_prune,2743,0,15613
action_prune,2196,0,15361
action_prune,6560,1,3851
action_prune,344,0,3940
action_prune,5430,0,13291
action_prune,5359,0,15651
action_prune,1818,0,17715
action_prune,3215,0,16056
action_prune,7137,1,7863
action_prune,3977,0,8406
action_prune,24,0,8817
action_prune,7285,1,6329
action_prune,6543,0,16180
action_prune,6485,0,11179
action_prune,110,1,5920
action_prune,3569,1,8650
action_prune,3916,0,14942
action_prune,4873,0,13836
action_prune,3729,1,6052
action_prune,6325,1,5889
action_prune,855,1,3918
action_prune,1244,1,6008
action_prune,6175,0,15445
action_prune,5147,0,6231
action_prune,3817,0,8635
action_prune,1306,1,7955
action_prune,6053,0,5903
action_prune,2680,0,16445
action_prune,1667,0,10287
action_prune,1642,1,8520
action_prune,4741,1,5645
action_prune,2489,0,16339
action_prune,935,0,15282
action_prune,4928,0,10362
action_prune,6284,0,17270
action_prune,5391,0,17235
action_prune,4569,0,4032
action_prune,772,1,5902
action_prune,4343,1,6259
action_prune,3883,0,6023
action_prune,5001,0,11040
action_prune,5099,0,6216
action_prune,6481,1,4086
action_prune,1378,1,10469
action_prune,5890,0,8637
action_prune,6991,0,16465
action_prune,1027,0,16393
action_prune,2371,1,3809
action_prune,869,0,6068
action_prune,1311,1,6075
action_prune,3424,1,5799
action_prune,1940,1,5829
action_prune,3427,1,5996
action_prune,423,0,17348
action_prune,4706,0,8242
action_prune,2910,1,6156
action_prune,1364,1,8193
action_prune,3576,0,10689
action_prune,1031,0,5940
action_prune,1049,0,8453
action_prune,5621,0,5995
action_prune,174,0,6219
action_prune,3533,1,13437
action_prune,5650,1,3898
action_prune,1962,0,10246
action_prune,1647,0,6009
action_prune,1375,1,5906
action_prune,4544,0,3835
action_prune,2734,0,4122
action_prune,2536,0,14014
action_prune,5270,1,6091
action_prune,7368,0,1972
action_prune,7207,0,11463
action_prune,6219,1,10820
action_prune,3770,0,15892
action_prune,6365,0,8245
action_prune,1479,1,5989
action_prune,2668,0,10329
action_prune,3774,0,6454
action_prune,4852,1,5950
action_prune,6081,0,18951
action_prune,7383,1,6347
action_prune,4466,0,15506
action_prune,1007,0,18348
action_prune,2226,1,6039
action_prune,5293,0,5934
action_prune,137,0,13624
action_prune,4715,0,3983
action_prune,2728,1,6166
action_prune,6949,1,3794
action_prune,5000,0,12446
action_prune,1355,0,8396
action_prune,6606,0,15247
action_prune,306,0,8471
action_prune,2121,1,3990
action_prune,6773,1,6136
action_prune,6816,1,8870
action_prune,5570,0,17117
action_prune,3156,1,4015
action_prune,4209,0,5983
action_prune,7359,0,10643
action_prune,219,0,10263
action_prune,2606,0,8175
action_prune,2807,1,8461
action_prune,4913,0,17289
action_prune,6052,0,6032
action_prune,7008,1,8247
action_prune,1472,0,6414
action_prune,6130,0,15907
action_prune,4756,1,6255
action_prune,3103,1,6380
action_prune,3426,1,6095
action_prune,5882,1,5800
action_prune,2446,0,15894
action_prune,450,1,6240
action_prune,1455,0,17165
action_prune,5979,0,8010
action_prune,6713,0,3973
action_prune,1610,0,15787
action_prune,1952,0,14674
action_prune,6115,0,13147
action_prune,4644,0,5944
action_prune,5066,1,13340
action_prune,6622,0,8401
action_prune,7107,0,8368
action_prune,5156,0,8037
action_prune,2810,1,8436
action_prune,6004,0,11176
action_prune,6008,0,17824
action_prune,6685,0,6397
action_prune,6291,1,7975
action_prune,1165,1,6035
action_prune,7261,0,13199
action_prune,3114,0,12037
action_prune,2862,0,17190
action_prune,1266,1,5996
action_prune,1105,1,5893
action_prune,7150,0,10623
action_prune,2075,0,10921
action_prune,5993,0,10720
action_prune,4387,1,8256
action_prune,1875,1,6152
action_prune,4403,1,6201
action_prune,1385,0,8914
action_prune,5342,0,15618
action_prune,4301,0,6033
action_prune,778,0,16805
action_prune,5922,0,6496
action_prune,7216,0,5970
action_prune,2869,1,6119
action_prune,5261,1,8347
action_prune,927,0,6273
action_prune,4071,0,16170
action_prune,516,0,11805
action_prune,7212,0,3947
action_prune,3915,0,5998
action_prune,4248,0,3973
action_prune,1162,1,6016
action_prune,1544,0,15749
action_prune,5113,0,15632
action_prune,973,1,6222
action_prune,1991,1,5934
action_prune,2517,0,15958
action_prune,15,0,6124
action_prune,1547,1,6462
action_prune,3699,0,8297
action_prune,6421,1,5800
action_prune,4212,0,15270
action_prune,1164,0,8780
action_prune,6836,1,6232
action_prune,5853,0,8432
action_prune,1523,1,8216
action_prune,6665,0,18070
action_prune,2955,0,6133
action_prune,1783,0,10370
action_prune,913,0,8212
action_prune,1396,1,6296
action_prune,1283,0,7925
action_prune,693,1,5973
action_prune,5696,0,5973
action_prune,5930,0,6125
action_prune,2566,0,4039
action_prune,1998,1,8079
action_prune,6479,1,8390
action_prune,189,1,6187
action_prune,5134,0,15988
action_prune,2802,0,15337
action_prune,4040,1,6041
action_prune,930,0,16579
action_prune,5225,0,5904
action_prune,6350,1,5947
action_prune,5732,1,7816
action_prune,925,0,15093
action_prune,1436,0,8129
action_prune,5889,0,6143
action_prune,5129,1,15832
action_prune,1182,1,8337
action_prune,2704,0,16505
action_prune,1144,1,12934
action_prune,2538,0,17336
action_prune,2905,1,6196
action_prune,6756,0,5837
action_prune,1793,1,6320
action_prune,545,0,15459
action_prune,743,1,10377
majority_voting,1888,0,56979
majority_voting,3545,0,14914
majority_voting,2587,0,29772
majority_voting,3726,1,27012
majority_voting,3469,0,21277
majority_voting,7385,0,24143
majority_voting,1873,1,18666
majority_voting,672,1,50826
majority_voting,6679,0,28347
majority_voting,3619,0,44850
majority_voting,449,0,42905
majority_voting,5874,0,18212
majority_voting,5858,0,19024
majority_voting,5159,1,14504
majority_voting,1079,0,39409
majority_voting,5999,0,39249
majority_voting,4055,1,19021
majority_voting,4806,0,11737
majority_voting,4188,0,19634
majority_voting,6895,0,42696
majority_voting,6611,1,23711
majority_voting,404,1,18819
majority_voting,251,0,11801
majority_voting,2709,0,42063
majority_voting,4136,0,6135
majority_voting,6282,0,19114
majority_voting,6253,0,36896
majority_voting,2053,1,39980
majority_voting,1891,0,12257
majority_voting,702,0,50534
majority_voting,6220,1,30789
majority_voting,6060,1,13933
majority_voting,5157,0,12084
majority_voting,6633,1,33803
majority_voting,7272,0,48421
majority_voting,3969,1,19087
majority_voting,2187,0,19662
majority_voting,2191,0,19075
majority_voting,3625,0,50390
majority_voting,647,0,12771
majority_voting,454,1,24083
majority_voting,3600,1,40950
majority_voting,4896,1,18569
majority_voting,6729,0,24287
majority_voting,5718,1,33108
majority_voting,2397,1,18578
majority_voting,2557,0,33343
majority_voting,885,0,46750
majority_voting,2046,1,18367
majority_voting,4651,0,26090
majority_voting,2661,0,31128
majority_voting,4028,1,18395
majority_voting,2580,1,18228
majority_voting,3888,1,17914
majority_voting,4153,1,27585
majority_voting,6718,1,18818
majority_voting,7397,1,11824
majority_voting,6700,1,14021
majority_voting,3736,1,32090
majority_voting,5988,0,49569
majority_voting,4449,0,40242
majority_voting,6997,1,48059
majority_voting,2481,1,17794
majority_voting,5884,0,44016
majority_voting,3864,0,42074
majority_voting,5965,0,21254
majority_voting,5043,1,29791
majority_voting,4255,0,46635
majority_voting,5155,1,18415
majority_voting,6649,0,17973
majority_voting,4214,0,18852
majority_voting,6807,1,40946
majority_voting,6357,0,11887
majority_voting,901,0,31922
majority_voting,167,1,17945
majority_voting,3124,0,46194
majority_voting,6526,1,14368
majority_voting,3880,1,11940
majority_voting,451,0,44724
majority_voting,7244,1,52020
majority_voting,5365,1,19356
majority_voting,6569,1,55145
majority_voting,1059,0,47905
majority_voting,3685,1,30429
majority_voting,325,0,18789
majority_voting,6460,0,50127
majority_voting,7352,1,18271
majority_voting,5404,1,12795
majority_voting,4247,1,44390
majority_voting,4381,0,30989
majority_voting,5235,1,28086
majority_voting,5542,1,19763
majority_voting,3355,1,18016
majority_voting,5608,0,19831
majority_voting,6074,0,18536
majority_voting,2690,0,40851
majority_voting,1297,1,11800
majority_voting,1180,0,18473
majority_voting,4933,0,25728
majority_voting,1419,0,30845
majority_voting,3006,0,18300
majority_voting,3807,0,18288
majority_voting,3613,0,14097
majority_voting,3542,0,30389
majority_voting,4799,0,27111
majority_voting,4733,1,38794
majority_voting,6905,0,15867
majority_voting,3788,0,12261
majority_voting,2513,1,23517
majority_voting,5337,0,28526
majority_voting,1417,0,24918
majority_voting,7333,1,18697
majority_voting,6796,1,34425
majority_voting,7280,0,39488
majority_voting,6416,0,46573
majority_voting,3164,0,20024
majority_voting,2299,0,18094
majority_voting,580,0,18839
majority_voting,5498,0,27199
majority_voting,1422,0,18273
majority_voting,5313,1,19120
majority_voting,5532,0,44939
majority_voting,32,0,12155
majority_voting,273,0,41650
majority_voting,1094,1,18628
majority_voting,2277,0,19003
majority_voting,2521,1,19025
majority_voting,6883,0,16001
majority_voting,2884,0,34721
majority_voting,975,0,19155
majority_voting,2951,0,11923
majority_voting,4037,0,18754
majority_voting,7270,0,18291
majority_voting,5285,0,46094
majority_voting,1910,0,24850
majority_voting,2594,0,20970
majority_voting,1815,0,19172
majority_voting,5341,0,23407
majority_voting,218,1,46837
majority_voting,87,1,18690
majority_voting,5187,1,49453
majority_voting,1418,0,39390
majority_voting,2658,1,21995
majority_voting,2852,1,30670
majority_voting,6477,1,37730
majority_voting,2708,1,24921
majority_voting,571,0,25776
majority_voting,1011,0,35595
majority_voting,4604,0,11928
majority_voting,3377,0,18674
majority_voting,879,0,15631
majority_voting,7116,0,22948
majority_voting,3340,1,30924
majority_voting,3494,1,12237
majority_voting,4693,0,19933
majority_voting,1039,0,12308
majority_voting,3897,0,29490
majority_voting,5389,1,25149
majority_voting,2853,0,24015
majority_voting,6149,1,20355
majority_voting,321,0,12504
majority_voting,5356,1,18512
majority_voting,5228,1,18523
majority_voting,12,1,48261
majority_voting,6989,0,47696
majority_voting,1927,1,19493
majority_voting,3476,0,18825
majority_voting,1678,1,17903
majority_voting,5998,0,50272
majority_voting,2192,0,50376
majority_voting,1175,0,21737
majority_voting,4545,1,23104
majority_voting,1674,0,18572
majority_voting,279,0,18668
majority_voting,5674,0,20647
majority_voting,5036,0,44604
majority_voting,4180,0,12063
majority_voting,4597,0,28952
majority_voting,5459,1,30037
majority_voting,3153,0,53549
majority_voting,7245,1,29906
majority_voting,3055,1,11618
majority_voting,5800,0,15111
majority_voting,4738,0,41773
majority_voting,645,1,35531
majority_voting,2361,0,33516
majority_voting,6080,0,26317
majority_voting,2642,0,19554
majority_voting,7153,0,48514
majority_voting,5490,0,18972
majority_voting,691,0,18764
majority_voting,3794,1,12053
majority_voting,4912,0,31325
majority_voting,1102,1,18483
majority_voting,2123,1,42765
majority_voting,3007,0,12419
majority_voting,2738,0,18091
majority_voting,5975,1,27958
majority_voting,3171,0,12020
majority_voting,4911,1,24452
majority_voting,6849,0,40726
majority_voting,6370,1,26430
majority_voting,3043,1,18806
majority_voting,603,1,31289
majority_voting,2894,0,54657
majority_voting,7387,0,47109
majority_voting,3693,1,43526
majority_voting,6135,0,41617
majority_voting,5441,1,33397
majority_voting,3669,1,18111
majority_voting,2379,0,18834
majority_voting,1527,0,34370
majority_voting,359,0,32596
majority_voting,3792,0,18512
majority_voting,6797,1,40930
majority_voting,4444,0,23647
majority_voting,7304,0,20950
majority_voting,779,0,49582
majority_voting,3324,1,11669
majority_voting,3488,0,25235
majority_voting,6469,0,34990
majority_voting,2732,0,55311
majority_voting,3094,0,25368
majority_voting,6744,0,51841
majority_voting,4475,0,44620
majority_voting,1289,0,28546
majority_voting,549,0,31333
majority_voting,3351,0,31264
majority_voting,628,0,49528
majority_voting,5029,1,12167
majority_voting,3599,0,54936
majority_voting,7184,0,48465
majority_voting,1061,1,18194
majority_voting,5602,0,18721
majority_voting,398,1,19528
majority_voting,4241,1,12267
majority_voting,2859,1,24595
majority_voting,4615,0,18948
majority_voting,4327,0,21980
majority_voting,6863,1,25696
majority_voting,4616,1,28016
majority_voting,6755,1,37725
majority_voting,194,0,19327
majority_voting,4686,0,21208
majority_voting,5492,0,50417
majority_voting,3596,1,18555
majority_voting,6127,1,48306
majority_voting,1019,1,17598
majority_voting,991,0,24366
majority_voting,1399,0,30451
majority_voting,1882,0,50178
majority_voting,4057,1,44786
majority_voting,928,0,38899
majority_voting,1883,1,35732
majority_voting,2389,0,24929
majority_voting,4006,1,41008
majority_voting,1001,0,32791
majority_voting,1013,0,19423
majority_voting,6613,1,21386
majority_voting,163,0,27457
majority_voting,1578,1,18464
majority_voting,6995,0,49229
majority_voting,5883,0,46819
majority_voting,6239,1,21478
majority_voting,3826,0,18797
majority_voting,2274,0,28141
majority_voting,1169,1,20796
majority_voting,6119,1,18324
majority_voting,1268,0,18528
majority_voting,3212,1,18233
majority_voting,615,0,12182
majority_voting,5758,0,29944
majority_voting,4086,1,42662
majority_voting,5561,1,46785
majority_voting,6888,0,21764
majority_voting,3704,0,18986
majority_voting,6659,1,18960
majority_voting,3303,0,50707
majority_voting,1258,1,21336
majority_voting,244,0,21890
majority_voting,1109,1,31045
majority_voting,242,0,52112
majority_voting,7169,0,44983
majority_voting,6575,0,50493
majority_voting,1745,1,18152
majority_voting,4223,0,30012
majority_voting,4197,1,37597
majority_voting,2767,1,16423
majority_voting,3531,0,21822
majority_voting,3486,0,13895
majority_voting,4967,1,19374
majority_voting,5935,0,51209
majority_voting,1462,0,19286
majority_voting,4125,1,20247
majority_voting,2743,0,50295
majority_voting,2196,0,48361
majority_voting,6560,1,14032
majority_voting,344,1,12122
majority_voting,5430,0,34678
majority_voting,5359,0,47120
majority_voting,1818,0,48108
majority_voting,3215,0,48525
majority_voting,7137,1,23952
majority_voting,3977,0,28059
majority_voting,24,0,28848
majority_voting,7285,1,21363
majority_voting,6543,0,49032
majority_voting,6485,1,29308
majority_voting,110,1,25051
majority_voting,3569,1,37169
majority_voting,3916,0,30530
majority_voting,4873,1,41386
majority_voting,3729,1,29368
majority_voting,6325,1,18047
majority_voting,855,1,12183
majority_voting,1244,1,18418
majority_voting,6175,0,33159
majority_voting,5147,0,23581
majority_voting,3817,0,26359
majority_voting,1306,1,24341
majority_voting,6053,0,16035
majority_voting,2680,0,35796
majority_voting,1667,0,29477
majority_voting,1642,1,25803
majority_voting,4741,1,17394
majority_voting,2489,0,48053
majority_voting,935,0,47103
majority_voting,4928,0,29669
majority_voting,6284,1,40271
majority_voting,5391,0,52126
majority_voting,4569,0,12502
majority_voting,772,1,22215
majority_voting,4343,1,19110
majority_voting,3883,0,18419
majority_voting,5001,0,30455
majority_voting,5099,0,14884
majority_voting,6481,0,17234
majority_voting,1378,0,36911
majority_voting,5890,0,42798
majority_voting,6991,1,40980
majority_voting,1027,1,52108
majority_voting,2371,0,13927
majority_voting,869,0,18638
majority_voting,1311,1,18605
majority_voting,3424,1,20982
majority_voting,1940,1,25926
majority_voting,3427,1,18303
majority_voting,423,0,48744
majority_voting,4706,0,25172
majority_voting,2910,1,18808
majority_voting,1364,1,22761
majority_voting,3576,0,37025
majority_voting,1031,0,18216
majority_voting,1049,0,34146
majority_voting,5621,0,18344
majority_voting,174,0,34832
majority_voting,3533,1,39488
majority_voting,5650,1,11987
majority_voting,1962,0,24520
majority_voting,1647,0,20692
majority_voting,1375,1,17970
majority_voting,4544,0,11848
majority_voting,2734,0,12829
majority_voting,2536,0,52542
majority_voting,5270,1,19013
majority_voting,7368,0,30657
majority_voting,7207,0,34208
majority_voting,6219,1,26458
majority_voting,3770,0,47310
majority_voting,6365,0,29049
majority_voting,1479,1,18279
majority_voting,2668,0,31909
majority_voting,3774,0,19867
majority_voting,4852,1,18248
majority_voting,6081,1,59723
majority_voting,7383,1,19324
majority_voting,4466,1,38515
majority_voting,1007,0,57195
majority_voting,2226,1,18432
majority_voting,5293,0,18101
majority_voting,137,0,35954
majority_voting,4715,0,12221
majority_voting,2728,1,18739
majority_voting,6949,1,13819
majority_voting,5000,0,30777
majority_voting,1355,0,25605
majority_voting,6606,0,47294
majority_voting,306,0,18304
majority_voting,2121,1,12360
majority_voting,6773,1,18692
majority_voting,6816,1,34589
majority_voting,5570,0,43921
majority_voting,3156,0,16791
majority_voting,4209,0,25272
majority_voting,7359,0,34467
majority_voting,219,0,32858
majority_voting,2606,0,24940
majority_voting,2807,0,21265
majority_voting,4913,0,51075
majority_voting,6052,0,18453
majority_voting,7008,1,24970
majority_voting,1472,0,19581
majority_voting,6130,0,48471
majority_voting,4756,1,19188
majority_voting,3103,1,19472
majority_voting,3426,1,18608
majority_voting,5882,1,17749
majority_voting,2446,0,48570
majority_voting,450,1,23493
majority_voting,1455,0,51236
majority_voting,5979,0,29123
majority_voting,6713,0,12292
majority_voting,1610,0,46909
majority_voting,1952,0,47747
majority_voting,6115,0,30664
majority_voting,4644,0,20355
majority_voting,5066,0,43942
majority_voting,6622,0,21223
majority_voting,7107,0,23134
majority_voting,5156,0,34442
majority_voting,2810,0,49413
majority_voting,6004,0,33813
majority_voting,6008,0,55714
majority_voting,6685,0,31638
majority_voting,6291,1,28437
majority_voting,1165,1,18484
majority_voting,7261,0,47711
majority_voting,3114,1,29997
majority_voting,2862,0,50913
majority_voting,1266,1,18300
majority_voting,1105,1,17951
majority_voting,7150,0,50413
majority_voting,2075,0,44588
majority_voting,5993,1,37479
majority_voting,4387,1,18782
majority_voting,1875,1,18559
majority_voting,4403,1,18932
majority_voting,1385,0,27081
majority_voting,5342,1,46928
majority_voting,4301,0,18398
majority_voting,778,0,41519
majority_voting,5922,0,22401
majority_voting,7216,0,18392
majority_voting,2869,1,18664
majority_voting,5261,1,23219
majority_voting,927,0,17152
majority_voting,4071,0,50205
majority_voting,516,0,31041
majority_voting,7212,0,12607
majority_voting,3915,1,18328
majority_voting,4248,0,12124
majority_voting,1162,1,18378
majority_voting,1544,1,49072
majority_voting,5113,1,48034
majority_voting,973,1,18943
majority_voting,1991,1,18198
majority_voting,2517,1,44274
majority_voting,15,0,18801
majority_voting,1547,0,25648
majority_voting,3699,0,30133
majority_voting,6421,0,15923
majority_voting,4212,1,46641
majority_voting,1164,0,26243
majority_voting,6836,1,19100
majority_voting,5853,0,38418
majority_voting,1523,1,25143
majority_voting,6665,0,41672
majority_voting,2955,0,18798
majority_voting,1783,0,32057
majority_voting,913,0,27219
majority_voting,1396,1,21308
majority_voting,1283,0,26687
majority_voting,693,0,20518
majority_voting,5696,0,18219
majority_voting,5930,0,35178
majority_voting,2566,0,26884
majority_voting,1998,0,24763
majority_voting,6479,1,25609
majority_voting,189,1,18893
majority_voting,5134,0,47184
majority_voting,2802,0,37201
majority_voting,4040,1,18459
majority_voting,930,1,39572
majority_voting,5225,1,30957
majority_voting,6350,1,36314
majority_voting,5732,1,24171
majority_voting,925,0,45660
majority_voting,1436,0,32214
majority_voting,5889,0,18862
majority_voting,5129,1,47409
majority_voting,1182,1,25620
majority_voting,2704,0,41406
majority_voting,1144,1,41839
majority_voting,2538,0,49501
majority_voting,2905,1,18884
majority_voting,6756,0,17855
majority_voting,1793,1,18951
majority_voting,545,0,47145
majority_voting,743,1,43329
