question_idx,question_text,answer,gt_answer,em,f1,reward,n_calls,n_badcalls,input_tokens,output_tokens,total_tokens,framework,status
4373,Claim: Edgar Wright is a singer.,REFUTES,NOT ENOUGH INFO,0.0,0.0,0.0,6,0,5808,201,6009,majority_voting,success
4411,Claim: Black Canary is a character in Batman comic books.,NOT ENOUGH INFO,NOT ENOUGH INFO,1.0,1.0,1.0,7,0,7329,752,8081,majority_voting,success
7752,Claim: Noah Cyrus is the youngest daughter of Garth Brooks.,NOT ENOUGH INFO,NOT ENOUGH INFO,1.0,1.0,1.0,21,0,27013,1621,28634,majority_voting,success
2078,Claim: Yandex functions in Turkey.,NOT ENOUGH INFO,SUPPORTS,0.0,0.0,0.0,6,0,5947,262,6209,majority_voting,success
7777,Claim: The Cincinnati Kid was announced by Norman Jewison.,NOT ENOUGH INFO,NOT ENOUGH INFO,1.0,1.0,1.0,6,0,5757,237,5994,majority_voting,success
7398,Claim: Viola Davis has played supporting and minor roles in radio and theater.,NOT ENOUGH INFO,NOT ENOUGH INFO,1.0,1.0,1.0,6,0,5858,403,6261,majority_voting,success
2021,Claim: Miranda Otto is the only sister of actress Gracie Otto.,NOT ENOUGH INFO,NOT ENOUGH INFO,1.0,1.0,1.0,9,0,8747,532,9279,majority_voting,success
8755,Claim: Unfree labor is a result of human trafficking.,SUPPORTS,NOT ENOUGH INFO,0.0,0.0,0.0,19,1,24289,1326,25615,majority_voting,success
4242,Claim: The Indian Army comprises a lot of people.,NOT ENOUGH INFO,SUPPORTS,0.0,0.0,0.0,14,0,16205,661,16866,majority_voting,success
5880,Claim: Melancholia was directed solely by an American gymnast.,NOT ENOUGH INFO,REFUTES,0.0,0.0,0.0,13,1,14614,781,15395,majority_voting,success
4795,"Claim: Alice Cooper was born on July 3rd, 1922.",REFUTES,REFUTES,1.0,1.0,1.0,11,0,12879,678,13557,majority_voting,success
9500,Claim: The White House Press Secretary is an official.,SUPPORTS,SUPPORTS,1.0,1.0,1.0,6,0,5854,189,6043,majority_voting,success
344,Claim: Chaka Khan has released at least five studio albums.,SUPPORTS,NOT ENOUGH INFO,0.0,0.0,0.0,9,0,9360,351,9711,majority_voting,success
2194,"Claim: The Concert for Bangladesh raised almost $250,000 for Bangladesh relief.",NOT ENOUGH INFO,SUPPORTS,0.0,0.0,0.0,17,0,21821,885,22706,majority_voting,success
3125,Claim: Keith Urban is the second studio album by Keith Urban and was released in 1999.,SUPPORTS,SUPPORTS,1.0,1.0,1.0,9,0,8954,468,9422,majority_voting,success
7350,Claim: Yandex operates in Lithuania.,NOT ENOUGH INFO,REFUTES,0.0,0.0,0.0,8,0,8217,407,8624,majority_voting,success
4187,Claim: Tilda Swinton is vegan.,NOT ENOUGH INFO,NOT ENOUGH INFO,1.0,1.0,1.0,8,0,7745,285,8030,majority_voting,success
1564,Claim: Vedam has Deeksha Seth in a starring role.,NOT ENOUGH INFO,SUPPORTS,0.0,0.0,0.0,9,0,8742,364,9106,majority_voting,success
8501,Claim: Colin Kaepernick plays for the Patriots.,REFUTES,REFUTES,1.0,1.0,1.0,6,0,5780,322,6102,majority_voting,success
7826,Claim: Entourage (film) was filmed in England.,NOT ENOUGH INFO,NOT ENOUGH INFO,1.0,1.0,1.0,13,0,14830,858,15688,majority_voting,success
2634,Claim: Annette Badland has yet to be in a soap opera.,REFUTES,REFUTES,1.0,1.0,1.0,7,0,7152,303,7455,majority_voting,success
6223,Claim: Rob Sheridan was born in 1980.,REFUTES,REFUTES,1.0,1.0,1.0,8,1,9017,236,9253,majority_voting,success
2939,Claim: Tata Motors is a constituent of the Boston Stock Exchange.,NOT ENOUGH INFO,NOT ENOUGH INFO,1.0,1.0,1.0,12,0,12743,768,13511,majority_voting,success
7736,Claim: Mickey Rourke appeared in a 2011 film.,NOT ENOUGH INFO,SUPPORTS,0.0,0.0,0.0,20,0,25976,1337,27313,majority_voting,success
6431,Claim: Don Hall is a critic of Walt Disney Animation Studios.,REFUTES,NOT ENOUGH INFO,0.0,0.0,0.0,9,0,8995,390,9385,majority_voting,success
8853,Claim: Australia (2008 film) production took place only in Russia.,REFUTES,REFUTES,1.0,1.0,1.0,9,0,9237,417,9654,majority_voting,success
8292,Claim: Dakota Fanning is not an actress.,REFUTES,REFUTES,1.0,1.0,1.0,6,0,5964,197,6161,majority_voting,success
4922,Claim: Jackpot is exclusively a novel.,REFUTES,REFUTES,1.0,1.0,1.0,6,0,5387,255,5642,majority_voting,success
9578,Claim: Mike Huckabee hosts an annual global warming conference.,NOT ENOUGH INFO,NOT ENOUGH INFO,1.0,1.0,1.0,6,0,6011,281,6292,majority_voting,success
6280,Claim: Always features a British actress.,SUPPORTS,SUPPORTS,1.0,1.0,1.0,14,0,16785,575,17360,majority_voting,success
5545,Claim: Tatum O'Neal married Maria Sharapova.,NOT ENOUGH INFO,NOT ENOUGH INFO,1.0,1.0,1.0,13,0,15126,647,15773,majority_voting,success
8144,Claim: Warner Bros. released Avenged Sevenfold.,NOT ENOUGH INFO,SUPPORTS,0.0,0.0,0.0,17,0,22161,1144,23305,majority_voting,success
9250,Claim: Melancholia stars Kirsten Dunst as Winnie the Pooh.,REFUTES,NOT ENOUGH INFO,0.0,0.0,0.0,12,0,15605,654,16259,majority_voting,success
2632,Claim: Angela Bassett is vegetarian.,NOT ENOUGH INFO,NOT ENOUGH INFO,1.0,1.0,1.0,12,0,12768,754,13522,majority_voting,success
1652,Claim: Al Jardine refuses to play all musical instruments.,REFUTES,REFUTES,1.0,1.0,1.0,7,0,7131,362,7493,majority_voting,success
234,Claim: Michael Vick is only Armenian.,NOT ENOUGH INFO,REFUTES,0.0,0.0,0.0,12,1,12639,471,13110,majority_voting,success
5535,Claim: Anne Rice was born in the United States in the 1970's.,REFUTES,REFUTES,1.0,1.0,1.0,8,1,8230,317,8547,majority_voting,success
2432,Claim: Bruce Shand was awarded a medal.,NOT ENOUGH INFO,NOT ENOUGH INFO,1.0,1.0,1.0,10,0,10465,514,10979,majority_voting,success
3854,Claim: Juventus Stadium in Turin is the home stadium for Juventus F.C.,SUPPORTS,SUPPORTS,1.0,1.0,1.0,6,0,6519,242,6761,majority_voting,success
9696,"Claim: Diana, Princess of Wales did not die in a car crash in Paris on August 31st, 1997.",REFUTES,REFUTES,1.0,1.0,1.0,9,0,9124,479,9603,majority_voting,success
1950,Claim: Sebastian Stan created a Critics' Choice Television Award.,REFUTES,NOT ENOUGH INFO,0.0,0.0,0.0,8,0,8835,400,9235,majority_voting,success
342,Claim: Southpaw is a movie in the sports drama genre.,SUPPORTS,SUPPORTS,1.0,1.0,1.0,9,0,8823,347,9170,majority_voting,success
6116,Claim: Jennifer Lopez's The Remixes was the first in history to debut at number one on the Shazam Music Charts.,NOT ENOUGH INFO,REFUTES,0.0,0.0,0.0,18,0,23637,1641,25278,majority_voting,success
6266,Claim: Damon Albarn had nothing to do with the album Everyday Robots.,REFUTES,REFUTES,1.0,1.0,1.0,8,0,7838,374,8212,majority_voting,success
6686,Claim: Lost is a French drama.,REFUTES,NOT ENOUGH INFO,0.0,0.0,0.0,10,0,9842,432,10274,majority_voting,success
4877,Claim: Annette Badland was in a BBC science fiction series for at least 4 seasons.,SUPPORTS,NOT ENOUGH INFO,0.0,0.0,0.0,11,0,12831,772,13603,majority_voting,success
705,Claim: Rob Sheridan was born in 1976.,REFUTES,REFUTES,1.0,1.0,1.0,6,0,6307,180,6487,majority_voting,success
6245,Claim: Steve Wozniak designed homes.,REFUTES,REFUTES,1.0,1.0,1.0,6,0,5895,248,6143,majority_voting,success
2278,Claim: Fabian Nicieza has written for over 10 different comic books.,REFUTES,NOT ENOUGH INFO,0.0,0.0,0.0,8,0,7924,504,8428,majority_voting,success
8642,Claim: The Mighty Ducks was only produced by Paramount Pictures.,NOT ENOUGH INFO,REFUTES,0.0,0.0,0.0,16,0,18630,805,19435,majority_voting,success
644,Claim: Polar bears are dependent on international aid.,NOT ENOUGH INFO,NOT ENOUGH INFO,1.0,1.0,1.0,10,0,10257,635,10892,majority_voting,success
2850,Claim: Daggering is associated with dancehall music.,SUPPORTS,SUPPORTS,1.0,1.0,1.0,6,0,5840,243,6083,majority_voting,success
5903,Claim: The French Resistance committed acts of sabotage in Paris.,NOT ENOUGH INFO,NOT ENOUGH INFO,1.0,1.0,1.0,16,0,20786,1359,22145,majority_voting,success
150,Claim: Bermuda Triangle is in the western part of the Atlantic Ocean near Florida.,SUPPORTS,NOT ENOUGH INFO,0.0,0.0,0.0,8,0,7972,348,8320,majority_voting,success
7976,Claim: Microbiologist research promotes information that leads to important policy decisions,NOT ENOUGH INFO,NOT ENOUGH INFO,1.0,1.0,1.0,19,0,22631,1467,24098,majority_voting,success
867,Claim: Aerobic exercise is good for heart health.,SUPPORTS,SUPPORTS,1.0,1.0,1.0,8,0,8276,467,8743,majority_voting,success
6248,Claim: The first inauguration of Bill Clinton took place in Vietnam.,REFUTES,REFUTES,1.0,1.0,1.0,6,0,5970,224,6194,majority_voting,success
8712,Claim: Bones was cancelled by Hart Hanson.,NOT ENOUGH INFO,NOT ENOUGH INFO,1.0,1.0,1.0,16,0,19854,1188,21042,majority_voting,success
4260,Claim: Colin Kaepernick is a starter for the San Francisco 49ers.,REFUTES,SUPPORTS,0.0,0.0,0.0,6,0,5832,339,6171,majority_voting,success
4562,Claim: Shawn Carlson writes about science.,SUPPORTS,SUPPORTS,1.0,1.0,1.0,6,0,5772,181,5953,majority_voting,success
441,Claim: The Millers's cancellation was announced four minutes into its second season.,REFUTES,REFUTES,1.0,1.0,1.0,9,0,9368,453,9821,majority_voting,success
1019,Claim: Rachel Green was played by Janet Jackson.,REFUTES,REFUTES,1.0,1.0,1.0,6,0,5828,158,5986,majority_voting,success
4950,Claim: A Milli is a song by a jazz recording artist.,REFUTES,REFUTES,1.0,1.0,1.0,7,0,6851,264,7115,majority_voting,success
7521,Claim: The Armenian Genocide took place in the Ottoman Empire and the Republic of Turkey and is studied by historians.,NOT ENOUGH INFO,NOT ENOUGH INFO,1.0,1.0,1.0,10,0,11938,888,12826,majority_voting,success
4312,Claim: Terry Crews played professional football.,SUPPORTS,SUPPORTS,1.0,1.0,1.0,6,0,5962,160,6122,majority_voting,success
294,Claim: Steve Ditko studied at the Cartoonist and Illustrators School.,SUPPORTS,SUPPORTS,1.0,1.0,1.0,9,0,9109,389,9498,majority_voting,success
1613,Claim: Emma Watson is a car model.,NOT ENOUGH INFO,NOT ENOUGH INFO,1.0,1.0,1.0,6,0,5857,285,6142,majority_voting,success
5524,Claim: Christian Gottlob Neefe was an opera extinguisher.,REFUTES,NOT ENOUGH INFO,0.0,0.0,0.0,6,0,5655,308,5963,majority_voting,success
9836,Claim: Paramore is a classic rock band.,REFUTES,REFUTES,1.0,1.0,1.0,7,0,6669,389,7058,majority_voting,success
7088,Claim: Eva Green acted in America.,NOT ENOUGH INFO,NOT ENOUGH INFO,1.0,1.0,1.0,13,0,16642,985,17627,majority_voting,success
1413,Claim: Edmund H. North presented an Academy Award.,NOT ENOUGH INFO,NOT ENOUGH INFO,1.0,1.0,1.0,7,0,6843,386,7229,majority_voting,success
6656,Claim: Kesha has only ever eaten hot dogs competitively for a living.,REFUTES,REFUTES,1.0,1.0,1.0,8,0,8320,444,8764,majority_voting,success
9954,Claim: The San Diego Chargers is a team that Terry Crews played on.,NOT ENOUGH INFO,SUPPORTS,0.0,0.0,0.0,16,0,20596,988,21584,majority_voting,success
9131,Claim: French Indochina was in Northeast Asia.,REFUTES,NOT ENOUGH INFO,0.0,0.0,0.0,7,0,7005,255,7260,majority_voting,success
5917,Claim: 60 percent of the University of Mississippi's teachers come from Mississippi.,NOT ENOUGH INFO,NOT ENOUGH INFO,1.0,1.0,1.0,13,0,13545,653,14198,majority_voting,success
6853,Claim: How to Train Your Dragon 2 used new filming software.,NOT ENOUGH INFO,REFUTES,0.0,0.0,0.0,18,0,22833,1290,24123,majority_voting,success
7884,Claim: Middle-earth was invented by a British writer.,SUPPORTS,SUPPORTS,1.0,1.0,1.0,9,0,9239,518,9757,majority_voting,success
1068,Claim: Kelly Preston starred in Batman.,REFUTES,NOT ENOUGH INFO,0.0,0.0,0.0,7,0,7122,245,7367,majority_voting,success
470,Claim: The Washington Wizards won a division title in 2017 against the Miami Heat.,REFUTES,NOT ENOUGH INFO,0.0,0.0,0.0,10,0,10717,681,11398,majority_voting,success
4007,Claim: Buffy Summers appears in a recorded work.,SUPPORTS,SUPPORTS,1.0,1.0,1.0,6,0,5772,228,6000,majority_voting,success
9761,Claim: Edmund H. North was a songwriter.,REFUTES,NOT ENOUGH INFO,0.0,0.0,0.0,6,0,5785,270,6055,majority_voting,success
2114,Claim: Carlos Santana was in a rock band.,SUPPORTS,SUPPORTS,1.0,1.0,1.0,6,0,5816,210,6026,majority_voting,success
8199,Claim: The 1974 crime film The Sugarland Express is in the home DVD library of Steven Spielberg.,NOT ENOUGH INFO,NOT ENOUGH INFO,1.0,1.0,1.0,11,0,12720,1028,13748,majority_voting,success
3905,Claim: The second season of Shadowhunters had 20 episodes that are 22 minutes in length.,NOT ENOUGH INFO,NOT ENOUGH INFO,1.0,1.0,1.0,20,0,24434,1608,26042,majority_voting,success
4218,Claim: Osamu Tezuka has a mother.,SUPPORTS,SUPPORTS,1.0,1.0,1.0,6,0,6185,252,6437,majority_voting,success
2019,Claim: The 14th Dalai Lama lives in Dubai.,REFUTES,REFUTES,1.0,1.0,1.0,9,0,9217,372,9589,majority_voting,success
7525,Claim: The Sterile Cuckoo was adapted from a novel written by an American novelist.,SUPPORTS,SUPPORTS,1.0,1.0,1.0,13,0,15246,552,15798,majority_voting,success
3148,"Claim: In 1953, Lockheed Martin's current President was born.",REFUTES,SUPPORTS,0.0,0.0,0.0,17,0,20028,1531,21559,majority_voting,success
1924,"Claim: Camden, New Jersey is a capital city.",REFUTES,NOT ENOUGH INFO,0.0,0.0,0.0,6,0,6000,240,6240,majority_voting,success
4921,Claim: Humphrey Bogart is a professional actor for films.,SUPPORTS,SUPPORTS,1.0,1.0,1.0,6,0,5737,283,6020,majority_voting,success
4410,Claim: Anne Rice was born in the 1960's.,REFUTES,REFUTES,1.0,1.0,1.0,8,0,7997,325,8322,majority_voting,success
2778,Claim: Sophia Bush was only in horror films.,REFUTES,REFUTES,1.0,1.0,1.0,8,0,7691,370,8061,majority_voting,success
7732,Claim: Baz Luhrmann's film Australia stars Hugh Jackman.,SUPPORTS,SUPPORTS,1.0,1.0,1.0,7,0,7017,258,7275,majority_voting,success
3121,Claim: Bessie Smith died.,SUPPORTS,SUPPORTS,1.0,1.0,1.0,6,0,5744,229,5973,majority_voting,success
8565,Claim: Kenneth Lonergan is Canadian.,REFUTES,NOT ENOUGH INFO,0.0,0.0,0.0,6,0,5806,204,6010,majority_voting,success
5516,Claim: Wildfang was founded in 2010.,REFUTES,SUPPORTS,0.0,0.0,0.0,6,0,5918,236,6154,majority_voting,success
6857,Claim: Byron Howard was nominated for a Golden Globe.,NOT ENOUGH INFO,SUPPORTS,0.0,0.0,0.0,6,0,5728,269,5997,majority_voting,success
4508,Claim: Middle-earth is part of a collection.,NOT ENOUGH INFO,NOT ENOUGH INFO,1.0,1.0,1.0,6,0,5415,328,5743,majority_voting,success
4025,Claim: Marvel vs. Capcom: Infinite is part of a series.,SUPPORTS,SUPPORTS,1.0,1.0,1.0,6,0,5482,255,5737,majority_voting,success
6521,Claim: Caroline Kennedy served as Japanese Ambassador to the United States.,REFUTES,NOT ENOUGH INFO,0.0,0.0,0.0,6,0,5756,254,6010,majority_voting,success
9396,Claim: Jamaica is the place where Island Records was founded.,SUPPORTS,SUPPORTS,1.0,1.0,1.0,7,0,6769,237,7006,majority_voting,success
7968,Claim: Tamerlan Tsarnaev has been to Allston.,NOT ENOUGH INFO,NOT ENOUGH INFO,1.0,1.0,1.0,13,0,15272,725,15997,majority_voting,success
3,Claim: Anne Rice was born in New Jersey.,REFUTES,NOT ENOUGH INFO,0.0,0.0,0.0,6,0,5757,164,5921,majority_voting,success
1495,Claim: Tamerlan Tsarnaev had a sister.,NOT ENOUGH INFO,NOT ENOUGH INFO,1.0,1.0,1.0,6,0,5795,258,6053,majority_voting,success
7554,Claim: T2 Trainspotting is set in and around Aberdeen.,REFUTES,REFUTES,1.0,1.0,1.0,8,0,7976,309,8285,majority_voting,success
8074,Claim: Bret Easton Ellis wrote the screenplay for an erotic thriller-drama.,NOT ENOUGH INFO,SUPPORTS,0.0,0.0,0.0,18,0,23474,1371,24845,majority_voting,success
2324,Claim: Fabian Nicieza only writes screenplays.,REFUTES,REFUTES,1.0,1.0,1.0,6,0,5756,277,6033,majority_voting,success
2406,Claim: Capsicum chinense is only a member of an animal family.,REFUTES,REFUTES,1.0,1.0,1.0,6,0,5586,279,5865,majority_voting,success
699,Claim: Liverpool was the town where The Beatles died.,REFUTES,NOT ENOUGH INFO,0.0,0.0,0.0,14,0,15911,723,16634,majority_voting,success
5805,Claim: Home for the Holidays stars someone who died on a holiday.,NOT ENOUGH INFO,NOT ENOUGH INFO,1.0,1.0,1.0,21,0,25238,1306,26544,majority_voting,success
9070,Claim: Starrcade was a professional wrestling event.,SUPPORTS,SUPPORTS,1.0,1.0,1.0,6,0,5899,163,6062,majority_voting,success
2168,Claim: Mary of Teck was never queen mother.,NOT ENOUGH INFO,REFUTES,0.0,0.0,0.0,21,0,29691,1756,31447,majority_voting,success
4086,Claim: The 14th Dalai Lama resides in India.,SUPPORTS,SUPPORTS,1.0,1.0,1.0,7,0,7136,288,7424,majority_voting,success
8586,Claim: Instagram has Kendall Jenner on it.,NOT ENOUGH INFO,SUPPORTS,0.0,0.0,0.0,13,0,14430,630,15060,majority_voting,success
3675,Claim: Southpaw was written by Kurt Sutter.,SUPPORTS,SUPPORTS,1.0,1.0,1.0,13,0,14203,689,14892,majority_voting,success
7916,Claim: There was a grouping of French colonial territories called French Indochina.,SUPPORTS,SUPPORTS,1.0,1.0,1.0,6,0,5988,250,6238,majority_voting,success
7103,Claim: Nuuk is in Norway.,REFUTES,REFUTES,1.0,1.0,1.0,6,0,5831,289,6120,majority_voting,success
4079,Claim: Byron Howard co-directed the television show Tangled.,NOT ENOUGH INFO,REFUTES,0.0,0.0,0.0,7,0,6842,509,7351,majority_voting,success
1857,Claim: A Milli is a song by Lil Wayne.,SUPPORTS,SUPPORTS,1.0,1.0,1.0,6,0,5782,177,5959,majority_voting,success
3351,Claim: Microbiologist research challenges information found in pathology.,NOT ENOUGH INFO,REFUTES,0.0,0.0,0.0,12,0,13705,773,14478,majority_voting,success
9800,Claim: Franchising is regulated in the United Kingdom.,NOT ENOUGH INFORMATION,NOT ENOUGH INFO,0.0,0.0,0.0,19,0,22086,1376,23462,majority_voting,success
2693,Claim: Melancholia has Kiefer Sutherland in a starring role.,SUPPORTS,SUPPORTS,1.0,1.0,1.0,13,0,16719,730,17449,majority_voting,success
2119,Claim: Jack Falahee's middle name is Bryan.,NOT ENOUGH INFO,REFUTES,0.0,0.0,0.0,6,0,6245,165,6410,majority_voting,success
44,Claim: Noah Cyrus is a younger sister of Macy Grey.,NOT ENOUGH INFO,REFUTES,0.0,0.0,0.0,13,0,14485,628,15113,majority_voting,success
4452,Claim: Lithuania is where Lithuanians come from.,SUPPORTS,SUPPORTS,1.0,1.0,1.0,8,0,7858,290,8148,majority_voting,success
9903,Claim: Scotty Moore was a software engineer.,REFUTES,NOT ENOUGH INFO,0.0,0.0,0.0,6,0,5878,200,6078,majority_voting,success
2548,Claim: Edison Machine Works was barely set up to produce dynamos.,REFUTES,NOT ENOUGH INFO,0.0,0.0,0.0,6,0,5976,489,6465,majority_voting,success
8675,Claim: Jenna Jameson worked as a doctor.,REFUTES,NOT ENOUGH INFO,0.0,0.0,0.0,6,0,5866,240,6106,majority_voting,success
7355,"Claim: Otto I, Holy Roman Emperor ended the Bulgarian invasions.",REFUTES,NOT ENOUGH INFO,0.0,0.0,0.0,14,0,17072,900,17972,majority_voting,success
4326,Claim: Paul Nicholls played Joe Wicks on EastEnders.,SUPPORTS,SUPPORTS,1.0,1.0,1.0,9,0,8798,314,9112,majority_voting,success
3691,Claim: Tom DeLonge formed a cult.,NOT ENOUGH INFO,NOT ENOUGH INFO,1.0,1.0,1.0,9,0,9224,576,9800,majority_voting,success
3568,Claim: Regina King has received a Supreme Court nomination.,REFUTES,NOT ENOUGH INFO,0.0,0.0,0.0,8,0,8359,440,8799,majority_voting,success
762,Claim: Nuuk is a seat of government.,SUPPORTS,SUPPORTS,1.0,1.0,1.0,6,0,5873,192,6065,majority_voting,success
2492,Claim: The Hanford Site contributes to the LIGO Hanford Observatory.,NOT ENOUGH INFO,SUPPORTS,0.0,0.0,0.0,16,0,20969,1205,22174,majority_voting,success
9445,Claim: Shadowhunters did not premiere in 2016.,REFUTES,REFUTES,1.0,1.0,1.0,9,0,8959,385,9344,majority_voting,success
7187,Claim: Penélope Cruz refused to model for Mango.,NOT ENOUGH INFO,REFUTES,0.0,0.0,0.0,13,0,14651,832,15483,majority_voting,success
8129,Claim: Nestor Carbonell rejected all offers to star in any television show.,REFUTES,REFUTES,1.0,1.0,1.0,8,0,8214,491,8705,majority_voting,success
6454,Claim: The Bloods is narrowly known for its rivalry with the Crips.,REFUTES,REFUTES,1.0,1.0,1.0,6,0,5630,232,5862,majority_voting,success
6886,Claim: The Cincinnati Kid was directed by Norman Jewison in 1960.,REFUTES,REFUTES,1.0,1.0,1.0,7,0,6906,331,7237,majority_voting,success
1023,Claim: Manmohan Singh was a prime minister after the first Prime Minister of India.,SUPPORTS,REFUTES,0.0,0.0,0.0,12,0,14196,541,14737,majority_voting,success
9981,Claim: Folklore includes bears.,NOT ENOUGH INFO,NOT ENOUGH INFO,1.0,1.0,1.0,6,0,5738,360,6098,majority_voting,success
8921,Claim: Scotty Moore was a recording engineer for Sony.,REFUTES,NOT ENOUGH INFO,0.0,0.0,0.0,6,0,5901,224,6125,majority_voting,success
7674,"Claim: Kellyanne Conway did not reference the ""Bowling Green massacre"" which never occurred.",REFUTES,REFUTES,1.0,1.0,1.0,9,0,9150,439,9589,majority_voting,success
2073,Claim: Marvel vs. Capcom: Infinite retains the series' traditional character assists.,NOT ENOUGH INFO,REFUTES,0.0,0.0,0.0,21,0,26404,1945,28349,majority_voting,success
6466,Claim: Jack Falahee was born in February and he is unknown.,REFUTES,NOT ENOUGH INFO,0.0,0.0,0.0,6,0,6269,358,6627,majority_voting,success
6455,Claim: Thomas Jefferson worked with James Madison.,NOT ENOUGH INFO,SUPPORTS,0.0,0.0,0.0,20,1,24925,1387,26312,majority_voting,success
8956,Claim: DNA is an album.,REFUTES,SUPPORTS,0.0,0.0,0.0,7,0,6951,293,7244,majority_voting,success
3445,Claim: WGBH-TV is a station on TV.,SUPPORTS,SUPPORTS,1.0,1.0,1.0,6,0,6509,268,6777,majority_voting,success
380,Claim: Ed Wood is a politician.,REFUTES,NOT ENOUGH INFO,0.0,0.0,0.0,6,0,6139,237,6376,majority_voting,success
3018,Claim: Derek Hough starred in a King-Lear-inspired film.,NOT ENOUGH INFO,NOT ENOUGH INFO,1.0,1.0,1.0,10,0,10464,502,10966,majority_voting,success
5620,Claim: The Dark Tower has remained unadapted to film.,REFUTES,REFUTES,1.0,1.0,1.0,7,0,6681,266,6947,majority_voting,success
9889,Claim: Jeong Hyeong-don is Asian.,SUPPORTS,NOT ENOUGH INFO,0.0,0.0,0.0,6,0,5819,173,5992,majority_voting,success
5798,Claim: Duane Chapman is a current bail bondsman.,REFUTES,REFUTES,1.0,1.0,1.0,7,0,7188,248,7436,majority_voting,success
6458,Claim: Marcus Bentley is incapable of being a voice-over artist.,REFUTES,REFUTES,1.0,1.0,1.0,6,0,5733,345,6078,majority_voting,success
9581,Claim: Stripes featured an Italian in a role.,NOT ENOUGH INFO,REFUTES,0.0,0.0,0.0,21,0,25786,1234,27020,majority_voting,success
4608,"Claim: Neil Diamond was not born on January 24th, 1941.",REFUTES,REFUTES,1.0,1.0,1.0,8,0,7995,330,8325,majority_voting,success
225,Claim: The NAACP Image Award for Outstanding Supporting Actor in a Drama Series was last given in 1995.,REFUTES,REFUTES,1.0,1.0,1.0,6,0,5647,271,5918,majority_voting,success
3655,Claim: Mud has Tom Cruise in its cast.,REFUTES,NOT ENOUGH INFO,0.0,0.0,0.0,13,0,15128,764,15892,majority_voting,success
3831,Claim: New Orleans Pelicans compete the southwest Division of the NBA.,SUPPORTS,SUPPORTS,1.0,1.0,1.0,6,0,5697,220,5917,majority_voting,success
1205,Claim: The Quran is a text central to a religion's belief system.,SUPPORTS,SUPPORTS,1.0,1.0,1.0,6,0,5890,228,6118,majority_voting,success
5373,Claim: Soul Food was released by spirits.,NOT ENOUGH INFORMATION,REFUTES,0.0,0.0,0.0,17,0,18671,1110,19781,majority_voting,success
2350,Claim: Finding Dory was directed.,SUPPORTS,SUPPORTS,1.0,1.0,1.0,7,0,6766,265,7031,majority_voting,success
5728,Claim: Sandra Bullock was a director.,REFUTES,NOT ENOUGH INFO,0.0,0.0,0.0,7,0,7125,308,7433,majority_voting,success
1994,Claim: There are zero Polynesian languages.,REFUTES,NOT ENOUGH INFO,0.0,0.0,0.0,6,0,5892,214,6106,majority_voting,success
7409,Claim: The script for In a Lonely Place is based on a mystery novel from 1947.,SUPPORTS,NOT ENOUGH INFO,0.0,0.0,0.0,8,0,7975,427,8402,majority_voting,success
2657,Claim: Saxony is the tenth largest Irish state.,REFUTES,REFUTES,1.0,1.0,1.0,6,0,5754,281,6035,majority_voting,success
8960,Claim: The New York Knicks are in the Eastern Conference.,SUPPORTS,SUPPORTS,1.0,1.0,1.0,9,0,8841,305,9146,majority_voting,success
8632,Claim: Princess Mononoke is a film.,SUPPORTS,SUPPORTS,1.0,1.0,1.0,6,0,6050,202,6252,majority_voting,success
1789,Claim: Vedam is a 2010 Indian soccer MVP.,REFUTES,REFUTES,1.0,1.0,1.0,9,0,8762,463,9225,majority_voting,success
8370,Claim: Match Point is a brand of radios.,REFUTES,REFUTES,1.0,1.0,1.0,6,0,5775,206,5981,majority_voting,success
9965,Claim: Regina King is a crew member of The Leftovers.,REFUTES,NOT ENOUGH INFO,0.0,0.0,0.0,14,0,17282,951,18233,majority_voting,success
1065,Claim: The Others (2001 film) won Best Screenplay.,NOT ENOUGH INFO,NOT ENOUGH INFO,1.0,1.0,1.0,16,0,19849,1080,20929,majority_voting,success
81,Claim: Island Records is a music school.,REFUTES,NOT ENOUGH INFO,0.0,0.0,0.0,6,0,5730,211,5941,majority_voting,success
3581,Claim: Jennifer Lopez made a wood shed.,NOT ENOUGH INFO,NOT ENOUGH INFO,1.0,1.0,1.0,6,0,5701,290,5991,majority_voting,success
4226,Claim: Mickey Rourke only appears in a films he writes alone.,REFUTES,REFUTES,1.0,1.0,1.0,14,0,16772,1004,17776,majority_voting,success
9322,Claim: All speakers of the Chagatai language lived in France.,REFUTES,REFUTES,1.0,1.0,1.0,6,0,5984,364,6348,majority_voting,success
8303,Claim: The principal photography of The Disaster Artist (film) is incapable of starting.,REFUTES,REFUTES,1.0,1.0,1.0,9,0,9249,467,9716,majority_voting,success
6932,Claim: Dakota Fanning was involved with a film called Superman.,NOT ENOUGH INFO,NOT ENOUGH INFO,1.0,1.0,1.0,15,0,16871,767,17638,majority_voting,success
9498,Claim: Recovery is an Eminem album.,SUPPORTS,SUPPORTS,1.0,1.0,1.0,9,0,8636,290,8926,majority_voting,success
5381,Claim: Kenneth Branagh stars in The Road to El Dorado.,SUPPORTS,SUPPORTS,1.0,1.0,1.0,6,0,5846,179,6025,majority_voting,success
4080,Claim: Paris (Paris Hilton album) incorporates rhythm and lyrics of soul.,NOT ENOUGH INFO,NOT ENOUGH INFO,1.0,1.0,1.0,16,0,18993,1113,20106,majority_voting,success
9871,Claim: Home for the Holidays stars the second child of Charlie Chaplin,NOT ENOUGH INFO,NOT ENOUGH INFO,1.0,1.0,1.0,19,0,22904,1230,24134,majority_voting,success
2985,Claim: Efraim Diveroli is a Spaniard.,REFUTES,REFUTES,1.0,1.0,1.0,6,0,5569,196,5765,majority_voting,success
5364,Claim: Reign Over Me was written and directed by Mike Binder in 2001.,REFUTES,REFUTES,1.0,1.0,1.0,7,0,6924,355,7279,majority_voting,success
120,Claim: The 14th Dalai Lama lives in Japan exclusively.,REFUTES,REFUTES,1.0,1.0,1.0,6,0,6087,260,6347,majority_voting,success
9141,Claim: Gordon Ramsay has killed apprentices.,REFUTES,NOT ENOUGH INFO,0.0,0.0,0.0,9,1,9894,507,10401,majority_voting,success
4324,"Claim: Ashley Cole was born December 20, 1980 in Sweden.",REFUTES,NOT ENOUGH INFO,0.0,0.0,0.0,7,0,7136,254,7390,majority_voting,success
7309,Claim: Liverpool is outside of the United Kingdom.,REFUTES,REFUTES,1.0,1.0,1.0,6,0,5762,210,5972,majority_voting,success
1527,Claim: T2 Trainspotting is set in and around a city.,SUPPORTS,SUPPORTS,1.0,1.0,1.0,6,0,5869,190,6059,majority_voting,success
7706,Claim: Awkward Black Girl was made by Issa Rae.,SUPPORTS,SUPPORTS,1.0,1.0,1.0,6,0,6726,243,6969,majority_voting,success
7453,Claim: San Diego Comic-Con was not founded in 1970.,REFUTES,REFUTES,1.0,1.0,1.0,7,0,7337,318,7655,majority_voting,success
6544,Claim: Brazzers is not based in Canada.,REFUTES,REFUTES,1.0,1.0,1.0,11,0,12303,695,12998,majority_voting,success
3255,Claim: NPR played a song by Jewell.,NOT ENOUGH INFO,NOT ENOUGH INFO,1.0,1.0,1.0,11,0,11480,680,12160,majority_voting,success
6047,Claim: The FBI declared Tamerlan Tsarnaev to be a suspect of a bombing.,NOT ENOUGH INFO,NOT ENOUGH INFO,1.0,1.0,1.0,18,1,23824,1406,25230,majority_voting,success
8422,Claim: Sleipnir appears in Norse brochures.,NOT ENOUGH INFO,NOT ENOUGH INFO,1.0,1.0,1.0,6,0,6010,269,6279,majority_voting,success
7587,Claim: Ian Brennan only works in mining.,REFUTES,REFUTES,1.0,1.0,1.0,8,0,7699,358,8057,majority_voting,success
8275,Claim: Touchscreens are used in telephones.,SUPPORTS,NOT ENOUGH INFO,0.0,0.0,0.0,7,0,6704,338,7042,majority_voting,success
9923,Claim: Wentworth Miller made his screenwriting debut with the 2013 Stoker.,SUPPORTS,SUPPORTS,1.0,1.0,1.0,8,0,8245,324,8569,majority_voting,success
1419,Claim: Joe Rogan was an acrobat.,REFUTES,NOT ENOUGH INFO,0.0,0.0,0.0,6,0,5672,206,5878,majority_voting,success
6066,Claim: Jackie (2016 film) was written by Noah Oppenheim.,SUPPORTS,SUPPORTS,1.0,1.0,1.0,7,0,6836,312,7148,majority_voting,success
9359,Claim: David Packouz is from North America.,SUPPORTS,NOT ENOUGH INFO,0.0,0.0,0.0,6,0,5915,169,6084,majority_voting,success
7169,Claim: Lithuanians are a power group.,NOT ENOUGH INFO,NOT ENOUGH INFO,1.0,1.0,1.0,6,0,5409,456,5865,majority_voting,success
9109,Claim: Kuching is in the east of Sarawak.,REFUTES,REFUTES,1.0,1.0,1.0,8,0,8177,315,8492,majority_voting,success
905,Claim: I Kissed a Girl is part of Katy Perry's second studio album.,SUPPORTS,SUPPORTS,1.0,1.0,1.0,10,0,10119,487,10606,majority_voting,success
4645,"Claim: Knocked Up was released on Monday June 1, 2007.",NOT ENOUGH INFO,NOT ENOUGH INFO,1.0,1.0,1.0,19,0,23416,1009,24425,majority_voting,success
430,Claim: Renato Balestra was born outside of Trieste.,REFUTES,REFUTES,1.0,1.0,1.0,7,0,6764,228,6992,majority_voting,success
619,Claim: Lois Maxwell turned down the part in A View to a Kill.,REFUTES,NOT ENOUGH INFO,0.0,0.0,0.0,13,0,14972,900,15872,majority_voting,success
285,"Claim: On February 2, 2013, Chris Kyle died.",SUPPORTS,SUPPORTS,1.0,1.0,1.0,8,0,8175,317,8492,majority_voting,success
6739,Claim: Jewell worked with other artists.,NOT ENOUGH INFO,SUPPORTS,0.0,0.0,0.0,6,0,5359,250,5609,majority_voting,success
5493,Claim: Shadowhunters debuted on Freeform.,SUPPORTS,SUPPORTS,1.0,1.0,1.0,8,0,7734,270,8004,majority_voting,success
8766,Claim: Simón Bolívar was Venezuelan and lived there for 20 years.,NOT ENOUGH INFO,NOT ENOUGH INFO,1.0,1.0,1.0,8,0,8619,745,9364,majority_voting,success
2667,Claim: Manmohan Singh was a janitor after Jawaharlal Nehru.,REFUTES,NOT ENOUGH INFO,0.0,0.0,0.0,13,0,14940,920,15860,majority_voting,success
3750,Claim: A monk lives alone or with other types of people.,NOT ENOUGH INFO,SUPPORTS,0.0,0.0,0.0,10,2,10669,1235,11904,majority_voting,success
5960,Claim: The Bahamas is a cat.,REFUTES,REFUTES,1.0,1.0,1.0,6,0,5931,199,6130,majority_voting,success
9634,Claim: Always stars an actor from Titanic.,REFUTES,NOT ENOUGH INFO,0.0,0.0,0.0,17,0,20530,1082,21612,majority_voting,success
3667,Claim: Ralph Fults was born January 23 1911 and died in 1999.,REFUTES,REFUTES,1.0,1.0,1.0,6,0,5677,323,6000,majority_voting,success
8684,Claim: Jennifer Lopez was only married once.,NOT ENOUGH INFO,REFUTES,0.0,0.0,0.0,17,0,20505,746,21251,majority_voting,success
9428,"Claim: Capsicum chinense is commonly known as the ""bonnet lady"".",REFUTES,NOT ENOUGH INFO,0.0,0.0,0.0,6,0,5599,232,5831,majority_voting,success
4805,Claim: Roland Emmerich campaigns for the LGBT community.,NOT ENOUGH INFO,SUPPORTS,0.0,0.0,0.0,8,0,8542,411,8953,majority_voting,success
7858,Claim: The Apple II was designed by Steve Wozniak.,SUPPORTS,SUPPORTS,1.0,1.0,1.0,7,0,6795,252,7047,majority_voting,success
2745,Claim: Jim Halpert was played by John Krasinski.,SUPPORTS,SUPPORTS,1.0,1.0,1.0,6,0,5682,189,5871,majority_voting,success
7236,Claim: Chile is in debt.,NOT ENOUGH INFO,NOT ENOUGH INFO,1.0,1.0,1.0,15,1,19731,1132,20863,majority_voting,success
5536,Claim: Al Jardine sang lead vocals on a song written by C. E. Quick.,NOT ENOUGH INFO,SUPPORTS,0.0,0.0,0.0,12,0,13919,960,14879,majority_voting,success
3546,Claim: Creedence Clearwater Revival did not have John Fogerty as lead vocalist and guitarist.,REFUTES,REFUTES,1.0,1.0,1.0,6,0,6086,258,6344,majority_voting,success
9454,Claim: Carlos Santana was liked.,SUPPORTS,NOT ENOUGH INFO,0.0,0.0,0.0,6,0,5818,283,6101,majority_voting,success
193,Claim: Paris (Paris Hilton album) incorporates elements of German.,NOT ENOUGH INFO,NOT ENOUGH INFO,1.0,1.0,1.0,6,0,5541,264,5805,majority_voting,success
4,Claim: Telemundo is a English-language television network.,REFUTES,REFUTES,1.0,1.0,1.0,6,0,5738,215,5953,majority_voting,success
6617,"Claim: Syracuse, New York, had a population of 50,000 according to the 2010 United States Census.",NOT ENOUGH INFORMATION,REFUTES,0.0,0.0,0.0,17,0,21136,1175,22311,majority_voting,success
6348,Claim: Ashton Kutcher is in romantic comedies.,SUPPORTS,SUPPORTS,1.0,1.0,1.0,6,0,5748,277,6025,majority_voting,success
1399,Claim: West Virginia borders Maryland and Ohio to the northeast.,REFUTES,REFUTES,1.0,1.0,1.0,11,0,11140,425,11565,majority_voting,success
527,Claim: Kenneth Lonergan is a writer of plays.,SUPPORTS,SUPPORTS,1.0,1.0,1.0,6,0,5838,231,6069,majority_voting,success
5217,Claim: The Concert for Bangladesh is recognized as a highly successful and influential humanitarian aid jumpsuit.,REFUTES,NOT ENOUGH INFO,0.0,0.0,0.0,7,0,7396,520,7916,majority_voting,success
8256,Claim: Randy Savage wears clothes.,SUPPORTS,NOT ENOUGH INFO,0.0,0.0,0.0,6,0,5964,225,6189,majority_voting,success
8100,Claim: Psych takes place in the United States.,SUPPORTS,SUPPORTS,1.0,1.0,1.0,8,0,8326,326,8652,majority_voting,success
8566,"Claim: Ludwig van Beethoven was born in Bonn, in present day Germany.",NOT ENOUGH INFO,NOT ENOUGH INFO,1.0,1.0,1.0,15,0,17453,709,18162,majority_voting,success
7795,Claim: Fabian Nicieza created characters for Dungeons & Dragons.,NOT ENOUGH INFO,NOT ENOUGH INFO,1.0,1.0,1.0,8,0,8300,449,8749,majority_voting,success
2594,Claim: Advertising is used to sell an idea.,NOT ENOUGH INFO,SUPPORTS,0.0,0.0,0.0,8,0,7568,532,8100,majority_voting,success
9341,Claim: Stephen Colbert is a talk show host currently hosting The Late Show.,SUPPORTS,SUPPORTS,1.0,1.0,1.0,6,0,5805,269,6074,majority_voting,success
5031,Claim: Kuching is the landmass of Sarawak.,REFUTES,NOT ENOUGH INFO,0.0,0.0,0.0,7,0,7173,388,7561,majority_voting,success
2692,Claim: Liam Neeson was nominated for three Golden Globe Awards for Best Actor in a Motion Picture Drama.,NOT ENOUGH INFO,SUPPORTS,0.0,0.0,0.0,21,0,27376,1584,28960,majority_voting,success
9136,Claim: Reign Over Me is an American movie.,SUPPORTS,SUPPORTS,1.0,1.0,1.0,6,0,5788,203,5991,majority_voting,success
1952,Claim: Marcus Bentley is a director.,REFUTES,NOT ENOUGH INFO,0.0,0.0,0.0,6,0,5607,220,5827,majority_voting,success
9769,Claim: John Dolmayan was born in 1973.,REFUTES,SUPPORTS,0.0,0.0,0.0,7,0,7024,206,7230,majority_voting,success
4159,Claim: The CONCACAF Champions League is organized for dead bodies.,REFUTES,REFUTES,1.0,1.0,1.0,6,0,5766,264,6030,majority_voting,success
7978,Claim: Ralph Fults was associated with no criminal organizations.,REFUTES,REFUTES,1.0,1.0,1.0,6,0,5610,250,5860,majority_voting,success
7365,Claim: Shinji Mikami directed Halo.,REFUTES,NOT ENOUGH INFO,0.0,0.0,0.0,10,0,11086,571,11657,majority_voting,success
6837,"Claim: None of the actors in Men in Black II were born on September 15, 1968.",NOT ENOUGH INFO,REFUTES,0.0,0.0,0.0,21,0,27559,1060,28619,majority_voting,success
693,Claim: A Milli is a set of word set to music by someone who came into the world in 1982.,SUPPORTS,NOT ENOUGH INFO,0.0,0.0,0.0,17,0,20145,713,20858,majority_voting,success
1412,Claim: Match Point was an unproduced screenplay by Woody Allen.,REFUTES,REFUTES,1.0,1.0,1.0,7,0,6831,281,7112,majority_voting,success
9337,Claim: The filming of Dilwale Dulhania Le Jayenge ended in March 1995.,REFUTES,REFUTES,1.0,1.0,1.0,9,0,9605,523,10128,majority_voting,success
558,Claim: The Closer was a cable drama on TNT.,SUPPORTS,NOT ENOUGH INFO,0.0,0.0,0.0,6,0,5646,315,5961,majority_voting,success
5629,Claim: The Gifted was created by the dark lord.,REFUTES,NOT ENOUGH INFO,0.0,0.0,0.0,20,1,24550,1123,25673,majority_voting,success
1178,Claim: Matteo Renzi served as a Prime Minister starting in February 2014 and ending in December 2016.,SUPPORTS,SUPPORTS,1.0,1.0,1.0,9,0,10323,602,10925,majority_voting,success
3026,Claim: Yandex operates only outside of Kazakhstan.,NOT ENOUGH INFO,REFUTES,0.0,0.0,0.0,13,0,14159,747,14906,majority_voting,success
5518,Claim: Wildfang is a US-based women's apparel company featuring hats that are tomboyish in style.,NOT ENOUGH INFO,SUPPORTS,0.0,0.0,0.0,9,1,10145,576,10721,majority_voting,success
1122,Claim: Bradley Fuller refuses to be a filmmaker.,REFUTES,REFUTES,1.0,1.0,1.0,6,0,5812,231,6043,majority_voting,success
1347,Claim: Bradley Fuller is a producer.,SUPPORTS,SUPPORTS,1.0,1.0,1.0,6,0,5793,176,5969,majority_voting,success
8720,Claim: The dress inspired fresh insights into dressmaking.,NOT ENOUGH INFO,NOT ENOUGH INFO,1.0,1.0,1.0,5,0,4598,249,4847,majority_voting,success
3017,Claim: Men in Black II features Tommy Lee Jones.,SUPPORTS,SUPPORTS,1.0,1.0,1.0,8,0,7974,273,8247,majority_voting,success
913,Claim: Hedda Gabler's world premiere took place on film.,REFUTES,NOT ENOUGH INFO,0.0,0.0,0.0,14,0,16218,1008,17226,majority_voting,success
4832,Claim: Randy Savage's voice is typically very low pitched.,REFUTES,NOT ENOUGH INFO,0.0,0.0,0.0,7,0,7031,341,7372,majority_voting,success
2570,"Claim: For four years, Ann Richards was the Governor of Texas.",SUPPORTS,SUPPORTS,1.0,1.0,1.0,7,0,6759,295,7054,majority_voting,success
1680,Claim: Melancholia was directed by Lars von Trier.,SUPPORTS,SUPPORTS,1.0,1.0,1.0,13,0,16553,494,17047,majority_voting,success
7539,Claim: Veeru Devgan is from Asia.,SUPPORTS,SUPPORTS,1.0,1.0,1.0,6,0,5893,185,6078,majority_voting,success
4328,Claim: The Winds of Winter is not an episode.,SUPPORTS,REFUTES,0.0,0.0,0.0,6,0,5658,225,5883,majority_voting,success
7847,Claim: Swordfish (film) is a film that is about a farmer..,REFUTES,NOT ENOUGH INFO,0.0,0.0,0.0,6,0,5677,217,5894,majority_voting,success
6579,Claim: CHiPs is based on a popular TV series of the same name.,REFUTES,SUPPORTS,0.0,0.0,0.0,6,0,5811,445,6256,majority_voting,success
6331,Claim: Chris Eubank Jr. is exclusively from France.,REFUTES,REFUTES,1.0,1.0,1.0,7,0,6776,275,7051,majority_voting,success
5922,Claim: Avenged Sevenfold's fourth studio album is Avenged Sevenfold.,NOT ENOUGH INFO,SUPPORTS,0.0,0.0,0.0,18,1,21985,1062,23047,majority_voting,success
5352,Claim: Asylum Records is an American record label founded in 1979 by David Geffen and partner Elliot Roberts.,REFUTES,SUPPORTS,0.0,0.0,0.0,6,0,5767,266,6033,majority_voting,success
6447,Claim: Southpaw is an American film.,SUPPORTS,SUPPORTS,1.0,1.0,1.0,10,0,9973,378,10351,majority_voting,success
9767,Claim: Michigan is a top destination for recreational legislation.,NOT ENOUGH INFO,NOT ENOUGH INFO,1.0,1.0,1.0,13,0,15975,1185,17160,majority_voting,success
8806,Claim: Drake Bell released an EP.,SUPPORTS,SUPPORTS,1.0,1.0,1.0,10,0,10859,389,11248,majority_voting,success
4027,Claim: Fred Armisen is a cat.,REFUTES,REFUTES,1.0,1.0,1.0,6,0,5696,206,5902,majority_voting,success
1720,Claim: Chris Eubank Jr. was an only child.,NOT ENOUGH INFO,NOT ENOUGH INFO,1.0,1.0,1.0,18,1,21306,1099,22405,majority_voting,success
5025,Claim: The Bloods are identified by the red bandanas worn by their members.,SUPPORTS,NOT ENOUGH INFO,0.0,0.0,0.0,7,0,6688,345,7033,majority_voting,success
4062,Claim: Andrew Kevin Walker is a director.,REFUTES,NOT ENOUGH INFO,0.0,0.0,0.0,6,0,5629,193,5822,majority_voting,success
3764,Claim: John Glen directs A View to a Kill.,NOT ENOUGH INFO,SUPPORTS,0.0,0.0,0.0,22,1,28977,1327,30304,majority_voting,success
2729,Claim: The Chagatai language was completely extinct by the 1700s.,REFUTES,REFUTES,1.0,1.0,1.0,6,0,6009,255,6264,majority_voting,success
6165,Claim: A Milli is by an Egyptian.,REFUTES,REFUTES,1.0,1.0,1.0,6,0,5780,211,5991,majority_voting,success
1404,Claim: Bermuda Triangle is in the eastern part of the Atlantic Ocean.,REFUTES,REFUTES,1.0,1.0,1.0,8,0,7950,375,8325,majority_voting,success
2623,Claim: Highway to Heaven began airing in 1994.,REFUTES,REFUTES,1.0,1.0,1.0,6,0,5993,272,6265,majority_voting,success
754,Claim: Baz Luhrmann's film Australia stars Nicole Kidman as Donkey Kong.,NOT ENOUGH INFO,NOT ENOUGH INFO,1.0,1.0,1.0,12,0,14524,715,15239,majority_voting,success
825,Claim: Heavy Metal music was developed in Europe.,SUPPORTS,REFUTES,0.0,0.0,0.0,10,0,10296,379,10675,majority_voting,success
1738,Claim: Happiness in Slavery is a song by Nine Inch Nails.,SUPPORTS,SUPPORTS,1.0,1.0,1.0,6,0,5771,205,5976,majority_voting,success
6224,Claim: The Arctic will be unaffected by global warming.,REFUTES,REFUTES,1.0,1.0,1.0,9,0,9732,454,10186,majority_voting,success
6535,Claim: Hush (2016 film) was not produced by Jason Blum.,REFUTES,REFUTES,1.0,1.0,1.0,11,0,11904,611,12515,majority_voting,success
7832,Claim: Dakota Fanning is Canadian.,REFUTES,REFUTES,1.0,1.0,1.0,6,0,5943,172,6115,majority_voting,success
4754,Claim: Eva Green had a career.,SUPPORTS,SUPPORTS,1.0,1.0,1.0,6,0,5826,190,6016,majority_voting,success
633,Claim: Youtube is ranked as one of the top three most popular sites in the world.,NOT ENOUGH INFO,SUPPORTS,0.0,0.0,0.0,18,0,21967,1234,23201,majority_voting,success
3823,Claim: Part of Hindu Kush is higher than the Himalayas.,REFUTES,NOT ENOUGH INFO,0.0,0.0,0.0,19,0,23970,940,24910,majority_voting,success
6087,Claim: Britt Robertson portrayed the role of an avacodo.,REFUTES,NOT ENOUGH INFO,0.0,0.0,0.0,7,0,6898,298,7196,majority_voting,success
4992,Claim: Ludwig van Beethoven was abandoned by his father Johann van Beethoven and Christian Gottlob Neefe.,REFUTES,NOT ENOUGH INFO,0.0,0.0,0.0,20,0,25810,1469,27279,majority_voting,success
8661,Claim: The Endless River is Pink Floyd's original band name.,REFUTES,NOT ENOUGH INFO,0.0,0.0,0.0,12,0,14221,691,14912,majority_voting,success
5954,Claim: Miracle at St. Anna is set primarily in the mountains.,NOT ENOUGH INFO,NOT ENOUGH INFO,1.0,1.0,1.0,11,0,11574,707,12281,majority_voting,success
927,Claim: A River Runs Through It has lost every Academy Award.,REFUTES,REFUTES,1.0,1.0,1.0,10,0,10203,425,10628,majority_voting,success
7288,Claim: Sebastian Stan was nominated for a Critics' Choice Television Award.,NOT ENOUGH INFO,SUPPORTS,0.0,0.0,0.0,7,0,7051,324,7375,majority_voting,success
5166,Claim: Frozen ranks as the highest-grossing live action film of all time.,REFUTES,NOT ENOUGH INFO,0.0,0.0,0.0,12,0,14968,901,15869,majority_voting,success
818,Claim: Due Date was shot in space.,REFUTES,REFUTES,1.0,1.0,1.0,11,0,11136,455,11591,majority_voting,success
9794,Claim: Wish Upon did not star Ryan Phillipe.,REFUTES,REFUTES,1.0,1.0,1.0,8,0,7727,318,8045,majority_voting,success
8747,Claim: Mickey Rourke was unable to appear in The Expendables.,REFUTES,REFUTES,1.0,1.0,1.0,14,0,16395,1095,17490,majority_voting,success
7196,Claim: Earl Scruggs was involved in bluegrass music for many years.,SUPPORTS,NOT ENOUGH INFO,0.0,0.0,0.0,6,0,5708,274,5982,majority_voting,success
9356,Claim: Contracts are what Lockheed Martin works for.,SUPPORTS,NOT ENOUGH INFO,0.0,0.0,0.0,6,0,6676,699,7375,majority_voting,success
546,Claim: Michael Vick was born and raised in the United States.,SUPPORTS,NOT ENOUGH INFO,0.0,0.0,0.0,10,0,11467,1158,12625,majority_voting,success
4091,Claim: Fist of Legend is a remake of another movie.,SUPPORTS,SUPPORTS,1.0,1.0,1.0,6,0,5957,246,6203,majority_voting,success
4384,Claim: Alexandra Daddario is American.,SUPPORTS,SUPPORTS,1.0,1.0,1.0,7,0,6798,218,7016,majority_voting,success
3254,Claim: The Chagatai language went extinct in the 1990s.,REFUTES,REFUTES,1.0,1.0,1.0,6,0,6002,319,6321,majority_voting,success
3053,Claim: The human brain is set apart from mammalian brains by the size of the cerebral cortex.,NOT ENOUGH INFO,NOT ENOUGH INFO,1.0,1.0,1.0,18,0,21828,1381,23209,majority_voting,success
404,Claim: Goosebumps (film) is penned by Darren Lemke.,SUPPORTS,SUPPORTS,1.0,1.0,1.0,7,0,6519,239,6758,majority_voting,success
6611,Claim: Happiness in Slavery is a not song by a band.,REFUTES,REFUTES,1.0,1.0,1.0,6,0,5771,241,6012,majority_voting,success
8847,Claim: Ashley Cole only plays Minor League Soccer.,REFUTES,REFUTES,1.0,1.0,1.0,6,0,5979,231,6210,majority_voting,success
2919,Claim: Sidse Babett Knudsen refuses to work in theater.,REFUTES,NOT ENOUGH INFO,0.0,0.0,0.0,6,0,6318,220,6538,majority_voting,success
1167,Claim: Down With Love is a 2004 film.,REFUTES,REFUTES,1.0,1.0,1.0,9,0,9451,351,9802,majority_voting,success
8408,Claim: V. V. Vinayak directed a movie with Sayyeshaa in it.,SUPPORTS,SUPPORTS,1.0,1.0,1.0,19,0,24315,1247,25562,majority_voting,success
5972,Claim: Tom Baker has narrated American audio books.,NOT ENOUGH INFO,NOT ENOUGH INFO,1.0,1.0,1.0,12,0,12816,695,13511,majority_voting,success
6036,Claim: Happiness in Slavery is a song by an American band.,SUPPORTS,REFUTES,0.0,0.0,0.0,10,0,10433,401,10834,majority_voting,success
5168,Claim: Penguin Books is in the book business.,SUPPORTS,SUPPORTS,1.0,1.0,1.0,6,0,6034,267,6301,majority_voting,success
9670,"Claim: The Bloods was founded in San Diego, California.",REFUTES,REFUTES,1.0,1.0,1.0,6,0,5594,194,5788,majority_voting,success
5006,Claim: Ashton Kutcher was not directed by Ivan Reitman.,REFUTES,REFUTES,1.0,1.0,1.0,13,0,14965,759,15724,majority_voting,success
4425,Claim: In the End has instruments in it.,SUPPORTS,NOT ENOUGH INFO,0.0,0.0,0.0,8,0,7825,294,8119,majority_voting,success
2294,Claim: Dakota Fanning was in American film roles.,SUPPORTS,NOT ENOUGH INFO,0.0,0.0,0.0,7,0,6793,351,7144,majority_voting,success
6464,Claim: West Virginia borders Maine to the northeast.,REFUTES,REFUTES,1.0,1.0,1.0,16,0,18449,811,19260,majority_voting,success
8477,Claim: Finding Dory was written.,SUPPORTS,SUPPORTS,1.0,1.0,1.0,8,0,7821,368,8189,majority_voting,success
5871,Claim: In a Lonely Place had nothing to do with any novel by Dorthy B. Hughes.,REFUTES,REFUTES,1.0,1.0,1.0,8,0,7793,423,8216,majority_voting,success
232,Claim: Global warming threatens food security.,SUPPORTS,SUPPORTS,1.0,1.0,1.0,13,0,14706,746,15452,majority_voting,success
880,Claim: Lemmy was recognized for his looks.,SUPPORTS,SUPPORTS,1.0,1.0,1.0,6,0,6193,289,6482,majority_voting,success
9476,Claim: The Hindu Kush refers only to a strain of marijuana.,REFUTES,REFUTES,1.0,1.0,1.0,6,0,6041,236,6277,majority_voting,success
7051,Claim: Peking University is in a unitary sovereign state that's located in East Asia.,NOT ENOUGH INFO,REFUTES,0.0,0.0,0.0,21,1,25956,1037,26993,majority_voting,success
5733,Claim: Roland Emmerich is a collector of Picasso paintings.,NOT ENOUGH INFO,NOT ENOUGH INFO,1.0,1.0,1.0,6,0,6201,266,6467,majority_voting,success
9370,Claim: Brad Wilk co-founded Rage with Tom Morello and Zach Galifianakis.,REFUTES,NOT ENOUGH INFO,0.0,0.0,0.0,13,0,15797,1303,17100,majority_voting,success
8379,Claim: L.A. Reid hasn't served as a CEO.,REFUTES,REFUTES,1.0,1.0,1.0,6,0,6180,358,6538,majority_voting,success
9395,Claim: Jeong Hyeong-don is a stand-up comedian.,NOT ENOUGH INFO,NOT ENOUGH INFO,1.0,1.0,1.0,6,0,5857,405,6262,majority_voting,success
2576,Claim: Stan Beeman is in a show.,SUPPORTS,SUPPORTS,1.0,1.0,1.0,6,0,5880,214,6094,majority_voting,success
3095,Claim: David Spade appeared in Tommy Boy.,SUPPORTS,SUPPORTS,1.0,1.0,1.0,11,2,10526,297,10823,majority_voting,success
3389,Claim: Tilda Swinton is a fashion artist.,REFUTES,NOT ENOUGH INFO,0.0,0.0,0.0,6,0,5591,219,5810,majority_voting,success
5501,Claim: Wentworth Miller is yet to make his screenwriting debut.,REFUTES,REFUTES,1.0,1.0,1.0,7,0,7124,283,7407,majority_voting,success
7320,Claim: Lockhead Martin F-35 Lightning II was incapable of flying.,REFUTES,REFUTES,1.0,1.0,1.0,9,0,9214,552,9766,majority_voting,success
9459,Claim: Aleister Crowley was a poet.,SUPPORTS,SUPPORTS,1.0,1.0,1.0,6,0,5749,202,5951,majority_voting,success
9174,Claim: Angela Bassett received a bachelor of arts degree.,NOT ENOUGH INFO,SUPPORTS,0.0,0.0,0.0,7,0,6915,234,7149,majority_voting,success
6696,Claim: Despacito has a version which features a musician.,SUPPORTS,SUPPORTS,1.0,1.0,1.0,6,0,6310,236,6546,majority_voting,success
273,Claim: Mani Ratnam is widely credited with altering the profile of Indian cuisine.,REFUTES,REFUTES,1.0,1.0,1.0,6,0,5892,264,6156,majority_voting,success
9536,Claim: Marvel vs. Capcom: Infinite discontinues the traditional assist mechanic of the series.,NOT ENOUGH INFO,NOT ENOUGH INFO,1.0,1.0,1.0,17,0,19582,1169,20751,majority_voting,success
3550,Claim: Pearl Jam is a band.,SUPPORTS,SUPPORTS,1.0,1.0,1.0,6,0,5845,155,6000,majority_voting,success
2161,Claim: Global warming is expected to result in the retreat of climate change deniers.,REFUTES,NOT ENOUGH INFO,0.0,0.0,0.0,6,0,5621,406,6027,majority_voting,success
9989,Claim: Reign Over Me stars people.,SUPPORTS,SUPPORTS,1.0,1.0,1.0,7,0,6822,266,7088,majority_voting,success
5555,Claim: I Kissed a Girl was recorded by cats.,REFUTES,REFUTES,1.0,1.0,1.0,6,0,5548,216,5764,majority_voting,success
6747,Claim: Shawn Carlson was born in Spain.,REFUTES,NOT ENOUGH INFO,0.0,0.0,0.0,6,0,5755,240,5995,majority_voting,success
244,Claim: Angelsberg is in Canada.,REFUTES,REFUTES,1.0,1.0,1.0,6,0,5524,139,5663,majority_voting,success
9666,Claim: Wentworth Miller made his screenwriting debut.,SUPPORTS,SUPPORTS,1.0,1.0,1.0,15,0,17335,949,18284,majority_voting,success
6849,Claim: Riddick is in a documentary.,REFUTES,REFUTES,1.0,1.0,1.0,9,0,8784,365,9149,majority_voting,success
5891,Claim: Green Day's final album with Lookout Records was Kerplunk.,SUPPORTS,NOT ENOUGH INFO,0.0,0.0,0.0,16,0,19715,1165,20880,majority_voting,success
4320,Claim: Dave Gibbons is an English letterer.,SUPPORTS,SUPPORTS,1.0,1.0,1.0,6,0,5668,202,5870,majority_voting,success
3804,Claim: Philomena was nominated.,SUPPORTS,SUPPORTS,1.0,1.0,1.0,8,0,7975,335,8310,majority_voting,success
5440,Claim: Aristotle never visited Athens.,REFUTES,REFUTES,1.0,1.0,1.0,6,0,5669,223,5892,majority_voting,success
6349,"Claim: The Bloods are a primarily, though not exclusively, Asian street gang.",REFUTES,REFUTES,1.0,1.0,1.0,6,0,5622,210,5832,majority_voting,success
3015,Claim: James VI and I was a leader.,SUPPORTS,SUPPORTS,1.0,1.0,1.0,6,0,5881,219,6100,majority_voting,success
6991,Claim: Luis Fonsi is a rapper.,REFUTES,NOT ENOUGH INFO,0.0,0.0,0.0,6,0,5714,245,5959,majority_voting,success
6526,Claim: Dave Gibbons was born at a Planet Fitness.,REFUTES,REFUTES,1.0,1.0,1.0,7,0,6731,288,7019,majority_voting,success
16,Claim: Sean Penn is only ever a stage actor.,REFUTES,REFUTES,1.0,1.0,1.0,6,0,5703,288,5991,majority_voting,success
3306,Claim: The Mighty Ducks was produced by a subsidiary of Walt Disney Studios.,NOT ENOUGH INFO,SUPPORTS,0.0,0.0,0.0,14,0,16202,771,16973,majority_voting,success
4885,Claim: Chris Kyle was a sniper and a veteran.,SUPPORTS,SUPPORTS,1.0,1.0,1.0,6,0,5722,250,5972,majority_voting,success
7083,"Claim: Camden, New Jersey is the home of a school that was founded as a result of a referendum in 1926.",NOT ENOUGH INFO,NOT ENOUGH INFO,1.0,1.0,1.0,16,0,18991,1272,20263,majority_voting,success
6971,Claim: In the End was released through a company.,SUPPORTS,NOT ENOUGH INFO,0.0,0.0,0.0,7,0,6823,419,7242,majority_voting,success
4923,Claim: TV Choice features programming listings.,SUPPORTS,SUPPORTS,1.0,1.0,1.0,6,0,5614,182,5796,majority_voting,success
6829,Claim: Happiness in Slavery is not a song by a band.,REFUTES,REFUTES,1.0,1.0,1.0,6,0,5765,235,6000,majority_voting,success
2186,Claim: Bad Romance is a single by Lady Gaga.,SUPPORTS,NOT ENOUGH INFO,0.0,0.0,0.0,6,0,5762,278,6040,majority_voting,success
2107,Claim: Melancholia stars only men.,NOT ENOUGH INFO,REFUTES,0.0,0.0,0.0,19,0,23488,1343,24831,majority_voting,success
3266,Claim: Trollhunters was only created for Hulu.,REFUTES,REFUTES,1.0,1.0,1.0,9,0,8851,415,9266,majority_voting,success
8571,Claim: There is a film that is about an ex-convict titled Swordfish (film).,SUPPORTS,SUPPORTS,1.0,1.0,1.0,6,0,5713,263,5976,majority_voting,success
846,Claim: The Cry of the Owl is based on Patricia Highsmith's eighth movie.,REFUTES,REFUTES,1.0,1.0,1.0,9,0,9910,685,10595,majority_voting,success
7445,Claim: Steven Spielberg's directorial debut was the 1974 crime film The Sugarland Express.,REFUTES,SUPPORTS,0.0,0.0,0.0,13,0,15043,642,15685,majority_voting,success
7831,Claim: Meteora is Linkin Park's second studio album.,SUPPORTS,NOT ENOUGH INFO,0.0,0.0,0.0,10,0,10685,424,11109,majority_voting,success
8350,Claim: Brad Wilk was a drummer for a soft rock band.,REFUTES,NOT ENOUGH INFO,0.0,0.0,0.0,9,0,10510,582,11092,majority_voting,success
5855,Claim: Pirates of the Caribbean was added to Magic Kingdom in 1993.,REFUTES,REFUTES,1.0,1.0,1.0,9,0,9129,369,9498,majority_voting,success
8808,Claim: Lithuanians are alien to Lithuania.,REFUTES,REFUTES,1.0,1.0,1.0,8,0,8054,376,8430,majority_voting,success
7423,Claim: James Earl Jones is known for his voice acting.,NOT ENOUGH INFO,SUPPORTS,0.0,0.0,0.0,10,0,10667,509,11176,majority_voting,success
9055,Claim: A monster may produce emotions.,SUPPORTS,NOT ENOUGH INFO,0.0,0.0,0.0,9,0,8944,921,9865,majority_voting,success
3547,Claim: The Chagatai language was the shared literary language of Central Asia until the 19th century.,SUPPORTS,REFUTES,0.0,0.0,0.0,6,0,6063,358,6421,majority_voting,success
9409,Claim: French Indochina was in Southeast Asia.,SUPPORTS,SUPPORTS,1.0,1.0,1.0,6,0,5943,232,6175,majority_voting,success
7989,Claim: The Hundred Years' War features the Lancastrian War.,SUPPORTS,SUPPORTS,1.0,1.0,1.0,9,0,9219,398,9617,majority_voting,success
41,Claim: Saxony is in Ireland.,REFUTES,REFUTES,1.0,1.0,1.0,6,0,5707,177,5884,majority_voting,success
4728,Claim: Girl is only by a recording engineer.,NOT ENOUGH INFO,REFUTES,0.0,0.0,0.0,8,0,7768,570,8338,majority_voting,success
1594,Claim: Giada at Home was only available via satellite.,NOT ENOUGH INFO,REFUTES,0.0,0.0,0.0,6,0,5710,286,5996,majority_voting,success
669,Claim: AMGTV is a television network that is family-oriented.,NOT ENOUGH INFO,SUPPORTS,0.0,0.0,0.0,10,0,11033,521,11554,majority_voting,success
3747,Claim: Live Through This is an anthology.,REFUTES,REFUTES,1.0,1.0,1.0,6,0,5776,260,6036,majority_voting,success
446,Claim: Stripes was the first significant film role for Leonard Nimoy.,REFUTES,NOT ENOUGH INFO,0.0,0.0,0.0,8,0,8366,597,8963,majority_voting,success
5030,Claim: Earl Scruggs played bluegrass music.,SUPPORTS,SUPPORTS,1.0,1.0,1.0,6,0,5669,277,5946,majority_voting,success
5161,Claim: Brazzers is based in fiction.,REFUTES,NOT ENOUGH INFO,0.0,0.0,0.0,6,0,5972,289,6261,majority_voting,success
259,Claim: The horse has changed in size as it evolved.,SUPPORTS,SUPPORTS,1.0,1.0,1.0,9,0,8891,373,9264,majority_voting,success
2703,Claim: Peking University is in Shenzhen.,REFUTES,REFUTES,1.0,1.0,1.0,7,0,6564,209,6773,majority_voting,success
8028,"Claim: Billboard Hot 100 had ""Love the Way You Lie"" on it for seven weeks.",NOT ENOUGH INFO,SUPPORTS,0.0,0.0,0.0,17,0,20707,1113,21820,majority_voting,success
857,Claim: A 1947 novel inspired In a Lonely Place.,SUPPORTS,SUPPORTS,1.0,1.0,1.0,6,0,5536,272,5808,majority_voting,success
3604,Claim: Hedda Gabler's world premiere took place outside Munich.,REFUTES,REFUTES,1.0,1.0,1.0,9,0,9119,409,9528,majority_voting,success
3968,Claim: Saturn Corporation is popularly referred to as Saturn LLC.,SUPPORTS,SUPPORTS,1.0,1.0,1.0,6,0,6084,198,6282,majority_voting,success
3069,Claim: Always premiered at the American Film Festival.,NOT ENOUGH INFO,NOT ENOUGH INFO,1.0,1.0,1.0,12,0,13309,622,13931,majority_voting,success
9503,Claim: The Closer was a cable drama.,SUPPORTS,NOT ENOUGH INFO,0.0,0.0,0.0,6,0,5644,256,5900,majority_voting,success
1208,Claim: Robert Lopez has won a Tony Award.,SUPPORTS,SUPPORTS,1.0,1.0,1.0,8,0,8029,369,8398,majority_voting,success
7091,Claim: Mary-Kate Olsen and Ashley Olsen are fashion designers in New York.,NOT ENOUGH INFO,NOT ENOUGH INFO,1.0,1.0,1.0,12,0,13016,513,13529,majority_voting,success
5552,"Claim: In 1994, Gray Matter Interactive Studios, Inc. was founded.",REFUTES,SUPPORTS,0.0,0.0,0.0,12,0,13016,814,13830,majority_voting,success
9120,Claim: The Hanford Site hosts a laboratory.,NOT ENOUGH INFO,SUPPORTS,0.0,0.0,0.0,12,0,13570,714,14284,majority_voting,success
1746,Claim: Tom DeLonge got married in 1992.,NOT ENOUGH INFO,NOT ENOUGH INFO,1.0,1.0,1.0,13,0,14665,545,15210,majority_voting,success
806,Claim: Diwali is a festival.,SUPPORTS,SUPPORTS,1.0,1.0,1.0,6,0,6210,248,6458,majority_voting,success
226,Claim: Human trafficking leads to paid labor.,REFUTES,NOT ENOUGH INFO,0.0,0.0,0.0,6,0,5634,294,5928,majority_voting,success
1552,Claim: Tijuana is in Southwestern Mexico.,REFUTES,REFUTES,1.0,1.0,1.0,7,0,6699,269,6968,majority_voting,success
6753,"Claim: Eric Church died on May 3, 1977.",REFUTES,SUPPORTS,0.0,0.0,0.0,6,0,5740,265,6005,majority_voting,success
9529,"Claim: On the first day of 2010, Shane McMahon officially retired.",NOT ENOUGH INFO,SUPPORTS,0.0,0.0,0.0,18,0,21458,1240,22698,majority_voting,success
9202,Claim: Victoria Palace Theatre is opposite a central London railway terminus.,SUPPORTS,SUPPORTS,1.0,1.0,1.0,19,0,24154,1406,25560,majority_voting,success
7840,Claim: Easy A is an American teen comedy film.,SUPPORTS,SUPPORTS,1.0,1.0,1.0,6,0,5627,200,5827,majority_voting,success
3284,Claim: Phillip Glass has written numerous dramatic operas.,SUPPORTS,NOT ENOUGH INFO,0.0,0.0,0.0,11,0,12114,570,12684,majority_voting,success
5579,Claim: English people are descended from no other peoples.,REFUTES,REFUTES,1.0,1.0,1.0,9,0,9558,477,10035,majority_voting,success
5971,Claim: Sora (Kingdom Hearts) is incapable of being involved with Donald Duck.,REFUTES,REFUTES,1.0,1.0,1.0,9,0,9051,549,9600,majority_voting,success
1354,Claim: The Mod Squad is an American band.,REFUTES,REFUTES,1.0,1.0,1.0,6,0,5921,200,6121,majority_voting,success
5816,Claim: Nuuk is in the Arctic Circle.,NOT ENOUGH INFO,NOT ENOUGH INFO,1.0,1.0,1.0,21,0,27880,1560,29440,majority_voting,success
7649,Claim: Nuuk is the largest social center of Greenland.,SUPPORTS,NOT ENOUGH INFO,0.0,0.0,0.0,8,0,7944,353,8297,majority_voting,success
2146,Claim: Swordfish (film) is incapable of being a film that is about an ex-convict.,REFUTES,REFUTES,1.0,1.0,1.0,6,0,5772,349,6121,majority_voting,success
7842,Claim: Tiber Oil Field is operated by BP as of 2008.,REFUTES,REFUTES,1.0,1.0,1.0,7,0,8354,438,8792,majority_voting,success
906,Claim: North Vietnam existed from 1945 to 1978.,REFUTES,REFUTES,1.0,1.0,1.0,9,0,9084,362,9446,majority_voting,success
4974,Claim: Amyotrophic lateral sclerosis can be inherited.,SUPPORTS,SUPPORTS,1.0,1.0,1.0,7,0,7369,301,7670,majority_voting,success
394,Claim: My Old Kentucky Home is outside of Kentucky.,NOT ENOUGH INFO,REFUTES,0.0,0.0,0.0,7,0,7659,348,8007,majority_voting,success
1092,Claim: Saxony is in western Germany.,REFUTES,NOT ENOUGH INFO,0.0,0.0,0.0,12,0,13205,554,13759,majority_voting,success
3169,Claim: No Country for Old Men was chosen as the highest acclaimed of 2007 by the National Board of Review.,SUPPORTS,SUPPORTS,1.0,1.0,1.0,8,0,7921,485,8406,majority_voting,success
1589,Claim: I Kissed a Girl was recorded by Katy Perry in 2007.,NOT ENOUGH INFO,NOT ENOUGH INFO,1.0,1.0,1.0,7,0,6707,569,7276,majority_voting,success
7899,Claim: Dan O'Bannon work was primarily in forestry and carpentry.,REFUTES,NOT ENOUGH INFO,0.0,0.0,0.0,6,0,5696,278,5974,majority_voting,success
3603,Claim: The State of Palestine claims Ghassan Kanafani.,SUPPORTS,NOT ENOUGH INFO,0.0,0.0,0.0,6,0,6112,410,6522,majority_voting,success
6996,Claim: CHiPs is exclusively a German film.,REFUTES,REFUTES,1.0,1.0,1.0,6,0,5754,225,5979,majority_voting,success
8123,Claim: The New York Knicks compete in the National Football League (NFL).,REFUTES,REFUTES,1.0,1.0,1.0,6,0,5680,183,5863,majority_voting,success
3817,Claim: Tool has performed tours.,SUPPORTS,SUPPORTS,1.0,1.0,1.0,6,0,5643,163,5806,majority_voting,success
5277,Claim: Eva Mendes was drafted in 1974.,REFUTES,REFUTES,1.0,1.0,1.0,6,0,6148,334,6482,majority_voting,success
1098,Claim: X-Men: Apocalypse is a motion picture.,SUPPORTS,SUPPORTS,1.0,1.0,1.0,6,0,5787,209,5996,majority_voting,success
4369,Claim: Home for the Holidays stars the grandchild of Charlie Chaplin,NOT ENOUGH INFORMATION,REFUTES,0.0,0.0,0.0,21,0,26152,1574,27726,majority_voting,success
1402,Claim: Rio's only sequel is a 2015 film.,REFUTES,REFUTES,1.0,1.0,1.0,10,0,10584,505,11089,majority_voting,success
2464,Claim: The Armenian Genocide happened during the Second Constitutional Era.,SUPPORTS,NOT ENOUGH INFO,0.0,0.0,0.0,17,0,20828,733,21561,majority_voting,success
5090,Claim: Stadium Arcadium was released.,SUPPORTS,SUPPORTS,1.0,1.0,1.0,6,0,5729,304,6033,majority_voting,success
8952,"Claim: Boyhood is about the adolescence of Mason Evans, Jr.",SUPPORTS,SUPPORTS,1.0,1.0,1.0,9,0,9044,370,9414,majority_voting,success
6031,Claim: Aaron Burr was a pacifist.,REFUTES,REFUTES,1.0,1.0,1.0,7,0,6875,389,7264,majority_voting,success
7440,Claim: One opera composer was Christian Gottlob Neefe.,SUPPORTS,NOT ENOUGH INFO,0.0,0.0,0.0,6,0,5632,239,5871,majority_voting,success
7717,Claim: Edgar Wright is Catholic.,NOT ENOUGH INFO,NOT ENOUGH INFO,1.0,1.0,1.0,6,0,5800,192,5992,majority_voting,success
5042,Claim: Byron Howard won a Golden Globe for Zootopia.,NOT ENOUGH INFO,SUPPORTS,0.0,0.0,0.0,21,0,28653,1700,30353,majority_voting,success
8075,Claim: The Cincinnati Kid was directed by Norman Jewison.,SUPPORTS,SUPPORTS,1.0,1.0,1.0,9,0,8912,321,9233,majority_voting,success
1330,Claim: One Turkic language was the Chagatai language.,SUPPORTS,SUPPORTS,1.0,1.0,1.0,6,0,5972,182,6154,majority_voting,success
5762,Claim: The Beach is a film with multiple genres.,SUPPORTS,SUPPORTS,1.0,1.0,1.0,9,0,8883,355,9238,majority_voting,success
7069,Claim: Chaka Khan has released at least five studio albums featuring Oprah Winfrey.,NOT ENOUGH INFO,NOT ENOUGH INFO,1.0,1.0,1.0,9,0,8891,422,9313,majority_voting,success
2577,Claim: Matthew Gray Gubler is a citizen of the United States of America.,SUPPORTS,SUPPORTS,1.0,1.0,1.0,7,0,7039,289,7328,majority_voting,success
7030,Claim: West Ham United F.C. is a club for football.,SUPPORTS,SUPPORTS,1.0,1.0,1.0,6,0,5652,203,5855,majority_voting,success
5163,Claim: James VI and I colonized.,NOT ENOUGH INFO,NOT ENOUGH INFO,1.0,1.0,1.0,11,1,12530,755,13285,majority_voting,success
4144,Claim: Finding Dory was directed by an American.,SUPPORTS,SUPPORTS,1.0,1.0,1.0,11,0,11829,563,12392,majority_voting,success
9172,Claim: Justine Bateman was born in the 1950s.,REFUTES,REFUTES,1.0,1.0,1.0,8,0,8130,423,8553,majority_voting,success
3641,Claim: Tilda Swinton does performance art.,NOT ENOUGH INFO,SUPPORTS,0.0,0.0,0.0,8,0,7761,351,8112,majority_voting,success
292,Claim: Aaron Burr was a department store that went out of business in the eighties.,REFUTES,REFUTES,1.0,1.0,1.0,6,0,5804,229,6033,majority_voting,success
9768,Claim: Stan Beeman is in a show about doctors.,REFUTES,NOT ENOUGH INFO,0.0,0.0,0.0,6,0,5913,250,6163,majority_voting,success
1765,Claim: Charles Manson is a former teacher.,REFUTES,REFUTES,1.0,1.0,1.0,6,0,6149,234,6383,majority_voting,success
1726,Claim: There was a song performed on Glee called Rhythm Nation.,NOT ENOUGH INFO,SUPPORTS,0.0,0.0,0.0,17,0,20175,1535,21710,majority_voting,success
7382,Claim: Mohra got nine nominations from a magazine in the nineteen nineties.,SUPPORTS,SUPPORTS,1.0,1.0,1.0,13,0,15222,857,16079,majority_voting,success
1887,Claim: Bea Arthur was born under a different name.,SUPPORTS,SUPPORTS,1.0,1.0,1.0,7,0,7129,235,7364,majority_voting,success
3047,Claim: The dress was online.,NOT ENOUGH INFO,SUPPORTS,0.0,0.0,0.0,6,1,5437,221,5658,majority_voting,success
1936,Claim: Match Point has been compared to George Orwell's novel 1984.,REFUTES,REFUTES,1.0,1.0,1.0,6,0,5860,287,6147,majority_voting,success
3898,Claim: Hedda Gabler's world premiere took place at the Globe Theatre.,REFUTES,REFUTES,1.0,1.0,1.0,9,0,9068,361,9429,majority_voting,success
4221,Claim: The Penibaetic System is a system of oceans.,REFUTES,REFUTES,1.0,1.0,1.0,7,0,6890,272,7162,majority_voting,success
7822,Claim: Kellyanne Conway publicly endorsed Ivanka Trump's clothing brand.,NOT ENOUGH INFO,NOT ENOUGH INFO,1.0,1.0,1.0,18,0,21735,1235,22970,majority_voting,success
5229,Claim: Princess Mononoke is a Ghibli radio show.,REFUTES,REFUTES,1.0,1.0,1.0,6,0,6094,282,6376,majority_voting,success
7564,Claim: Home for the Holidays stars no actors or actresses.,NOT ENOUGH INFO,REFUTES,0.0,0.0,0.0,20,0,24832,1900,26732,majority_voting,success
4993,"Claim: Connie Nielsen played the lead character, Meredith Kane, in the second season of The Following.",REFUTES,NOT ENOUGH INFO,0.0,0.0,0.0,12,1,14510,715,15225,majority_voting,success
1783,"Claim: Polynesian languages include Tahitian, Sāmoan, Tongan, Māori and Hawaiian.",SUPPORTS,SUPPORTS,1.0,1.0,1.0,6,0,5958,265,6223,majority_voting,success
9724,Claim: The Cry of the Owl is based on a song.,REFUTES,REFUTES,1.0,1.0,1.0,9,0,9621,625,10246,majority_voting,success
8772,Claim: Tie Your Mother Down was only ever released as part of an album instead of as a single.,REFUTES,REFUTES,1.0,1.0,1.0,7,0,6915,331,7246,majority_voting,success
3020,Claim: Despicable Me 2 was animated by a company.,SUPPORTS,NOT ENOUGH INFO,0.0,0.0,0.0,9,0,9052,400,9452,majority_voting,success
2925,Claim: Penguin Books is a publishing pretzel.,REFUTES,NOT ENOUGH INFO,0.0,0.0,0.0,6,0,6036,307,6343,majority_voting,success
4125,Claim: Bethany Hamilton wrote a to do list.,NOT ENOUGH INFO,NOT ENOUGH INFO,1.0,1.0,1.0,7,0,6808,476,7284,majority_voting,success
8289,Claim: The Presidency of Lockheed Martin is vacant at present.,NOT ENOUGH INFO,NOT ENOUGH INFO,1.0,1.0,1.0,13,0,16657,662,17319,majority_voting,success
6406,Claim: Lalla Ward has only ever been an author.,REFUTES,REFUTES,1.0,1.0,1.0,6,0,5961,306,6267,majority_voting,success
1139,Claim: Psych is a comedy-drama.,SUPPORTS,SUPPORTS,1.0,1.0,1.0,7,0,7206,244,7450,majority_voting,success
4210,Claim: Mike Huckabee was Governor of Arkansas.,SUPPORTS,SUPPORTS,1.0,1.0,1.0,6,0,5995,226,6221,majority_voting,success
227,Claim: The Cincinnati Kid is a boy.,SUPPORTS,REFUTES,0.0,0.0,0.0,6,0,5748,343,6091,majority_voting,success
1012,Claim: Qui-Gon Jinn is a nonfiction character.,REFUTES,REFUTES,1.0,1.0,1.0,6,0,5768,281,6049,majority_voting,success
2639,Claim: Bhagat Singh was a folk hero of the Indian independence movement.,SUPPORTS,SUPPORTS,1.0,1.0,1.0,6,0,6890,323,7213,majority_voting,success
8930,Claim: Rabies is a common virus.,NOT ENOUGH INFO,NOT ENOUGH INFO,1.0,1.0,1.0,6,0,7305,375,7680,majority_voting,success
7336,Claim: TV Choice runs from Saturday to Friday.,NOT ENOUGH INFO,SUPPORTS,0.0,0.0,0.0,6,0,5626,295,5921,majority_voting,success
4790,Claim: Youtube is ranked as the second most popular site in the world.,NOT ENOUGH INFO,SUPPORTS,0.0,0.0,0.0,20,0,24452,1397,25849,majority_voting,success
6638,Claim: Nuuk is in Sermersooq.,SUPPORTS,SUPPORTS,1.0,1.0,1.0,6,0,5857,211,6068,majority_voting,success
1575,Claim: Blade Runner 2049 is a musical.,REFUTES,NOT ENOUGH INFO,0.0,0.0,0.0,6,0,5860,256,6116,majority_voting,success
5343,Claim: The State of Palestine claims East Lebanon.,REFUTES,REFUTES,1.0,1.0,1.0,11,0,11383,730,12113,majority_voting,success
2690,Claim: Bea Arthur was an activist for animal rights.,NOT ENOUGH INFO,NOT ENOUGH INFO,1.0,1.0,1.0,8,0,8579,438,9017,majority_voting,success
7428,Claim: Starrcade was eventually broadcast via pay-per-view television.,SUPPORTS,SUPPORTS,1.0,1.0,1.0,6,0,5942,238,6180,majority_voting,success
642,Claim: Off the Wall won its singer a house.,NOT ENOUGH INFO,NOT ENOUGH INFO,1.0,1.0,1.0,12,0,12758,611,13369,majority_voting,success
1941,Claim: Guillermo del Toro is a carpenter.,REFUTES,NOT ENOUGH INFO,0.0,0.0,0.0,6,0,6531,212,6743,majority_voting,success
9612,Claim: Excuse My French is an album by a rapper.,SUPPORTS,SUPPORTS,1.0,1.0,1.0,9,0,8927,333,9260,majority_voting,success
1276,Claim: Roland Emmerich is an inactive campaigner.,NOT ENOUGH INFO,REFUTES,0.0,0.0,0.0,8,0,8359,537,8896,majority_voting,success
6111,Claim: No Country for Old Men starred actors.,SUPPORTS,SUPPORTS,1.0,1.0,1.0,6,0,6555,214,6769,majority_voting,success
1384,Claim: Wish Upon was directed by John F. Kennedy.,REFUTES,REFUTES,1.0,1.0,1.0,9,0,8831,358,9189,majority_voting,success
5302,Claim: The French Resistance executed repairs on electric power grids.,NOT ENOUGH INFO,NOT ENOUGH INFO,1.0,1.0,1.0,10,0,10241,740,10981,majority_voting,success
3370,Claim: Jackie (2016 film) was written by Peter Jackson.,REFUTES,REFUTES,1.0,1.0,1.0,8,0,7876,350,8226,majority_voting,success
5092,Claim: Justine Bateman is from California.,NOT ENOUGH INFO,NOT ENOUGH INFO,1.0,1.0,1.0,6,0,5878,244,6122,majority_voting,success
8744,Claim: Harold Macmillan died in 1986.,SUPPORTS,SUPPORTS,1.0,1.0,1.0,6,0,5794,175,5969,majority_voting,success
6798,Claim: 2016 Tour de France had a total of 198 musicians.,REFUTES,REFUTES,1.0,1.0,1.0,6,0,5860,297,6157,majority_voting,success
609,Claim: Trollhunters was created for Netflix in 2002.,REFUTES,NOT ENOUGH INFO,0.0,0.0,0.0,14,0,15804,676,16480,majority_voting,success
8729,"Claim: Due Date was shot in southern Tuscaloosa, Alabama.",NOT ENOUGH INFO,NOT ENOUGH INFO,1.0,1.0,1.0,12,0,12584,655,13239,majority_voting,success
2990,Claim: The CONCACAF Champions League is rarely organized for football clubs in Central America.,REFUTES,REFUTES,1.0,1.0,1.0,8,0,8024,432,8456,majority_voting,success
1615,Claim: Joe Rogan moved to Los Angeles in 1994.,SUPPORTS,SUPPORTS,1.0,1.0,1.0,8,0,7841,298,8139,majority_voting,success
5378,Claim: Dilwale Dulhania Le Jayenge started filming in September 1994.,SUPPORTS,SUPPORTS,1.0,1.0,1.0,8,0,8484,428,8912,majority_voting,success
4099,Claim: Poldark series two began sometime after Golden Ratio.,NOT ENOUGH INFO,NOT ENOUGH INFO,1.0,1.0,1.0,19,0,24858,1623,26481,majority_voting,success
